{
  "component/attachment/localService/mockserver-dbg.js": 1631087211426,
  "component/attachment/i18n/i18n_en_US_sappsd.properties": 1626961122896,
  "component/attachment/i18n/i18n_en.properties": 1626961122896,
  "component/attachment/i18n/i18n_de.properties": 1626961122892,
  "component/attachment/i18n/i18n.properties": 1626961122892,
  "i18n/i18n_en_US_saptrc.properties": 1629270172393,
  "i18n/i18n_en_US_sappsd.properties": 1629270172393,
  "i18n/i18n_en.properties": 1636386106662,
  "component/attachment/i18n/i18n_en_US_saptrc.properties": 1626961122896,
  "i18n/i18n.properties": 1636386077665,
  "component/attachment/library.js": 1637078903101,
  "component/attachment/components/stcomponent/manifest.json": 1637077436503,
  "component/attachment/components/fscomponent/resources.json": 1626961038287,
  "component/attachment/components/fscomponent/manifest.json": 1637077424318,
  "component/attachment/resources.json": 1626960982514,
  "component/attachment/manifest.json": 1637077562360,
  "manifest.json": 1637079608962,
  "component/attachment/components/stcomponent/Component.js": 1637077451700,
  "component/attachment/components/fscomponent/Component.js": 1637077340789,
  "component/attachment/view/Attachment.controller.js": 1637847067488,
  "component/attachment/util/largeFileHandling.js": 1631087191409,
  "component/attachment/util/assignUnassignDIR.js": 1631087202578,
  "component/attachment/localService/mockserver.js": 1631087211426,
  "controller/subview/WorkItemList.controller.js": 1639658691553,
  "controller/subview/TechnicalObjectOverviewAttachments.js": 1636554661793,
  "controller/subview/PartsList.controller.js": 1635165055973,
  "controller/subview/Attachments.controller.js": 1629794824772,
  "controller/fragment/EditWorkItemDialog.controller.js": 1636050041410,
  "controller/fragment/EditPartDialog.controller.js": 1628842839927,
  "controller/fragment/EditJobHeaderDialog.controller.js": 1627632024081,
  "component/attachment/components/stcomponent/resources.json": 1626961048967,
  "component/attachment/Component.js": 1637077340789,
  "utils/locate-reuse-libs.js": 1623847053000,
  "util/VariantHelper.js": 1631086923996,
  "util/Order.js": 1635165055977,
  "util/OData.js": 1631086938216,
  "util/Notification.js": 1628860141108,
  "util/Constants.js": 1631087117516,
  "util/CodeHelper.js": 1631087140920,
  "model/models.js": 1628666993299,
  "model/formatter.js": 1636538198735,
  "localService/mockserver.js": 1623847053000,
  "lib/zxingjs0153.min.js": 1628858740126,
  "controls/ExtScanner.js": 1628863773970,
  "controller/NotFound.controller.js": 1628840114859,
  "controller/JobObjectPage.controller.js": 1637073486502,
  "controller/JobList.controller.js": 1637073325428,
  "controller/DialogController.js": 1636375312354,
  "controller/BaseController.js": 1636377123108,
  "controller/App.controller.js": 1628845649778,
  "Component.js": 1626880986623,
  "manifest-bundle.zip": 1639658733392,
  "Component-preload.js": 1639658736036,
  "lib/zxingjs0153.min-dbg.js": 1628858740126,
  "component/attachment/components/fscomponent/Component-dbg.js": 1637077340789,
  "component/attachment/view/Attachment-dbg.controller.js": 1637847067488,
  "component/attachment/util/largeFileHandling-dbg.js": 1631087191409,
  "component/attachment/util/assignUnassignDIR-dbg.js": 1631087202578,
  "i18n/i18n_de.properties": 1636386229600,
  "controller/subview/WorkItemList-dbg.controller.js": 1639658691553,
  "controller/subview/TechnicalObjectOverviewAttachments-dbg.js": 1636554661793,
  "controller/subview/PartsList-dbg.controller.js": 1635165055973,
  "controller/subview/Attachments-dbg.controller.js": 1629794824772,
  "controller/fragment/EditWorkItemDialog-dbg.controller.js": 1636050041410,
  "controller/fragment/EditPartDialog-dbg.controller.js": 1628842839927,
  "controller/fragment/EditJobHeaderDialog-dbg.controller.js": 1627632024081,
  "component/attachment/library-dbg.js": 1637078903101,
  "component/attachment/Component-dbg.js": 1637077340789,
  "utils/locate-reuse-libs-dbg.js": 1623847053000,
  "util/VariantHelper-dbg.js": 1631086923996,
  "util/Order-dbg.js": 1635165055977,
  "util/OData-dbg.js": 1631086938216,
  "util/Notification-dbg.js": 1628860141108,
  "util/Constants-dbg.js": 1631087117516,
  "util/CodeHelper-dbg.js": 1631087140920,
  "model/models-dbg.js": 1628666993299,
  "model/formatter-dbg.js": 1636538198735,
  "localService/mockserver-dbg.js": 1623847053000,
  "component/attachment/components/stcomponent/Component-dbg.js": 1637077451700,
  "controls/ExtScanner-dbg.js": 1628863773970,
  "controller/NotFound-dbg.controller.js": 1628840114859,
  "controller/JobObjectPage-dbg.controller.js": 1637073486502,
  "controller/JobList-dbg.controller.js": 1637073325428,
  "controller/DialogController-dbg.js": 1636375312354,
  "controller/BaseController-dbg.js": 1636377123108,
  "controller/App-dbg.controller.js": 1628845649778,
  "Component-dbg.js": 1626880986623,
  "component/attachment/view/Attachment.view.xml": 1629210555899,
  "component/attachment/localService/metadata.xml": 1631087230874,
  "component/attachment/fragment/grouping.fragment.xml": 1631087256843,
  "component/attachment/fragment/checkInActionSheet.fragment.xml": 1631086890079,
  "view/subview/WorkItemList.view.xml": 1635166328263,
  "view/subview/PartsList.view.xml": 1629708275178,
  "view/subview/OrderAttachments.view.xml": 1636385826925,
  "view/subview/Attachments.view.xml": 1628702036128,
  "view/fragment/ValueHelpStorageLocation.fragment.xml": 1628786167739,
  "view/fragment/ValueHelpPlant.fragment.xml": 1628786203041,
  "view/fragment/ValueHelpOperationWorkCenter.fragment.xml": 1628786194309,
  "view/fragment/ValueHelpMaterial.fragment.xml": 1629270628023,
  "view/fragment/ValueHelpBaseUnit.fragment.xml": 1628785842529,
  "view/fragment/TimeConfirmationDialog.fragment.xml": 1639658715913,
  "view/fragment/EditWorkItemDialog.view.xml": 1636375276274,
  "view/fragment/EditPartDialog.view.xml": 1628843262505,
  "view/fragment/EditJobHeaderDialog.view.xml": 1628165314265,
  "view/fragment/CreateOrderOperation.fragment.xml": 1628758315026,
  "view/fragment/CreateOrderComponent.fragment.xml": 1629100620101,
  "view/fragment/AddNotifLongTextDialog.fragment.xml": 1636379485220,
  "controls/fragments/toolbar.fragment.xml": 1628863668193,
  "controls/fragments/settingsPopover.fragment.xml": 1628863668189,
  "controls/fragments/scanDialog.fragment.xml": 1628863668189,
  "controls/fragments/inputDialog.fragment.xml": 1628863668185,
  "view/NotFound.view.xml": 1631086901035,
  "view/JobObjectPage.view.xml": 1638277429852,
  "view/JobList.view.xml": 1629290225231,
  "view/ErrorMessage.view.xml": 1631086908823,
  "view/App.view.xml": 1631092702929,
  "localService/metadata.xml": 1631093053208,
  "localService/malfunctionManage_Annotation.xml": 1631093053216,
  "localService/ZEAM_OBJPG_MAINTNOTIFIC_ANNO_MDL.xml": 1623847053000,
  "img/product_grey_128.png": 1626880419217,
  "img/picture_grey_128.png": 1626880419213,
  "img/camera_grey_128.png": 1626880419209,
  "css/style.css": 1626880335841,
  "css/style-dbg.css": 1626880335845,
  "annotations/annotations.xml": 1635500706002,
  "index.html": 1626880963511
}