{
  "i18n/i18n_de.properties": 1644410011891,
  "component/attachment/i18n/i18n_en_US_sappsd.properties": 1644410011887,
  "component/attachment/i18n/i18n_en.properties": 1644410011887,
  "component/attachment/i18n/i18n_de.properties": 1644410011887,
  "component/attachment/i18n/i18n.properties": 1644410011887,
  "i18n/i18n_en_US_saptrc.properties": 1644410011891,
  "component/attachment/i18n/i18n_en_US_saptrc.properties": 1644410011887,
  "i18n/i18n_en.properties": 1644410011891,
  "i18n/i18n_en_US_sappsd.properties": 1644410011891,
  "i18n/i18n.properties": 1644410011891,
  "component/attachment/components/stcomponent/Component.js": 1644410011887,
  "component/attachment/components/stcomponent/manifest.json": 1644410011887,
  "component/attachment/components/fscomponent/resources.json": 1644410011887,
  "component/attachment/components/fscomponent/manifest.json": 1644410011887,
  "component/attachment/resources.json": 1644410011887,
  "component/attachment/manifest.json": 1644410011887,
  "manifest.json": 1644410011895,
  "component/attachment/components/stcomponent/resources.json": 1644410011887,
  "component/attachment/components/fscomponent/Component.js": 1644410011887,
  "component/attachment/view/Attachment.controller.js": 1644410011887,
  "component/attachment/util/largeFileHandling.js": 1644410011887,
  "component/attachment/util/assignUnassignDIR.js": 1644410011887,
  "component/attachment/localService/mockserver.js": 1644410011887,
  "controller/subview/WorkItemList.controller.js": 1644410011891,
  "controller/subview/TechnicalObjectOverviewAttachments.js": 1644410011891,
  "controller/subview/PartsList.controller.js": 1644410011891,
  "controller/subview/Attachments.controller.js": 1644410011891,
  "controller/fragment/EditWorkItemDialog.controller.js": 1644410011891,
  "controller/fragment/EditPartDialog.controller.js": 1644410011891,
  "controller/fragment/EditJobHeaderDialog.controller.js": 1644410011891,
  "component/attachment/library.js": 1644410011887,
  "component/attachment/Component.js": 1644410011887,
  "utils/locate-reuse-libs.js": 1644410011895,
  "util/VariantHelper.js": 1644410011895,
  "util/Order.js": 1644410011895,
  "util/OData.js": 1644410011895,
  "util/Notification.js": 1644410011895,
  "util/Constants.js": 1644410011895,
  "util/CodeHelper.js": 1644410011895,
  "model/models.js": 1644410011895,
  "model/formatter.js": 1644410011895,
  "localService/mockserver.js": 1644410011895,
  "lib/zxingjs0153.min.js": 1644410011895,
  "controls/ExtScanner.js": 1644410011891,
  "controller/NotFound.controller.js": 1644410011891,
  "controller/JobObjectPage.controller.js": 1644579368587,
  "controller/JobList.controller.js": 1644410011887,
  "controller/DialogController.js": 1644410011887,
  "controller/BaseController.js": 1644410011887,
  "controller/App.controller.js": 1644410011887,
  "Component.js": 1644410011887,
  "manifest-bundle.zip": 1644579406216,
  "Component-preload.js": 1644579409916,
  "controller/JobList-dbg.controller.js": 1644410011887,
  "component/attachment/components/fscomponent/Component-dbg.js": 1644410011887,
  "component/attachment/view/Attachment-dbg.controller.js": 1644410011887,
  "component/attachment/util/largeFileHandling-dbg.js": 1644410011887,
  "component/attachment/util/assignUnassignDIR-dbg.js": 1644410011887,
  "component/attachment/localService/mockserver-dbg.js": 1644410011887,
  "controller/subview/WorkItemList-dbg.controller.js": 1644410011891,
  "controller/subview/TechnicalObjectOverviewAttachments-dbg.js": 1644410011891,
  "controller/subview/PartsList-dbg.controller.js": 1644410011891,
  "controller/subview/Attachments-dbg.controller.js": 1644410011891,
  "controller/fragment/EditWorkItemDialog-dbg.controller.js": 1644410011891,
  "controller/fragment/EditPartDialog-dbg.controller.js": 1644410011891,
  "controller/fragment/EditJobHeaderDialog-dbg.controller.js": 1644410011891,
  "component/attachment/library-dbg.js": 1644410011887,
  "component/attachment/Component-dbg.js": 1644410011887,
  "utils/locate-reuse-libs-dbg.js": 1644410011895,
  "util/VariantHelper-dbg.js": 1644410011895,
  "util/Order-dbg.js": 1644410011895,
  "util/OData-dbg.js": 1644410011895,
  "util/Notification-dbg.js": 1644410011895,
  "util/Constants-dbg.js": 1644410011895,
  "util/CodeHelper-dbg.js": 1644410011895,
  "model/models-dbg.js": 1644410011895,
  "model/formatter-dbg.js": 1644410011895,
  "localService/mockserver-dbg.js": 1644410011895,
  "lib/zxingjs0153.min-dbg.js": 1644410011895,
  "controls/ExtScanner-dbg.js": 1644410011891,
  "controller/NotFound-dbg.controller.js": 1644410011891,
  "controller/JobObjectPage-dbg.controller.js": 1644579368587,
  "component/attachment/components/stcomponent/Component-dbg.js": 1644410011887,
  "controller/DialogController-dbg.js": 1644410011887,
  "controller/BaseController-dbg.js": 1644410011887,
  "controller/App-dbg.controller.js": 1644410011887,
  "Component-dbg.js": 1644410011887,
  "component/attachment/view/Attachment.view.xml": 1644410011887,
  "component/attachment/localService/metadata.xml": 1644410011887,
  "component/attachment/fragment/grouping.fragment.xml": 1644410011887,
  "component/attachment/fragment/checkInActionSheet.fragment.xml": 1644410011887,
  "view/subview/WorkItemList.view.xml": 1644410011899,
  "view/subview/PartsList.view.xml": 1644410011899,
  "view/subview/OrderAttachments.view.xml": 1644410011899,
  "view/subview/Attachments.view.xml": 1644410011899,
  "view/fragment/ValueHelpStorageLocation.fragment.xml": 1644410011899,
  "view/fragment/ValueHelpPlant.fragment.xml": 1644410011899,
  "view/fragment/ValueHelpOperationWorkCenter.fragment.xml": 1644410011899,
  "view/fragment/ValueHelpMaterial.fragment.xml": 1644410011899,
  "view/fragment/ValueHelpBaseUnit.fragment.xml": 1644410011899,
  "view/fragment/TimeConfirmationDialog.fragment.xml": 1644410011899,
  "view/fragment/EditWorkItemDialog.view.xml": 1644410011899,
  "view/fragment/EditPartDialog.view.xml": 1644410011899,
  "view/fragment/EditJobHeaderDialog.view.xml": 1644410011895,
  "view/fragment/CreateOrderOperation.fragment.xml": 1644410011895,
  "view/fragment/CreateOrderComponent.fragment.xml": 1644410011895,
  "view/fragment/AddNotifLongTextDialog.fragment.xml": 1644410011895,
  "controls/fragments/toolbar.fragment.xml": 1644410011891,
  "controls/fragments/settingsPopover.fragment.xml": 1644410011891,
  "controls/fragments/scanDialog.fragment.xml": 1644410011891,
  "controls/fragments/inputDialog.fragment.xml": 1644410011891,
  "view/NotFound.view.xml": 1644410011895,
  "view/JobObjectPage.view.xml": 1644410011895,
  "view/JobList.view.xml": 1644410011895,
  "view/ErrorMessage.view.xml": 1644410011895,
  "view/App.view.xml": 1644410011895,
  "localService/metadata.xml": 1644410011895,
  "localService/malfunctionManage_Annotation.xml": 1644410011895,
  "localService/ZEAM_OBJPG_MAINTNOTIFIC_ANNO_MDL.xml": 1644410011895,
  "img/product_grey_128.png": 1644410011891,
  "img/picture_grey_128.png": 1644410011891,
  "img/camera_grey_128.png": 1644410011891,
  "css/style.css": 1644410011891,
  "css/style-dbg.css": 1644410011891,
  "annotations/annotations.xml": 1644410011887,
  "index.html": 1644410011891
}