<edmx:Edmx xmlns:edmx="http://docs.oasis-open.org/odata/ns/edmx" Version="4.0">
    <edmx:Reference xmlns:edmx="http://docs.oasis-open.org/odata/ns/edmx" Uri="/sap/opu/odata/sap/ZEAM_MALFUNCTION_MANAGE_SRV/$metadata">
        <edmx:Include xmlns:edmx="http://docs.oasis-open.org/odata/ns/edmx" Namespace="ZEAM_MALFUNCTION_MANAGE_SRV" />
    </edmx:Reference>
    <!-- <edmx:Reference Uri="http://docs.oasis-open.org/odata/odata-data-aggregation-ext/v4.0/cs02/vocabularies/Org.OData.Aggregation.V1.xml">
        <edmx:Include Alias="Aggregation" Namespace="Org.OData.Aggregation.V1" />
    </edmx:Reference>
    <edmx:Reference Uri="http://docs.oasis-open.org/odata/odata/v4.0/errata03/os/complete/vocabularies/Org.OData.Capabilities.V1.xml">
        <edmx:Include Alias="Capabilities" Namespace="Org.OData.Capabilities.V1" />
    </edmx:Reference> -->
    <edmx:Reference Uri="https://wiki.scn.sap.com/wiki/download/attachments/448470974/Common.xml?api=v2">
        <edmx:Include Alias="Common" Namespace="com.sap.vocabularies.Common.v1" />
    </edmx:Reference>
    <!-- <edmx:Reference Uri="https://wiki.scn.sap.com/wiki/download/attachments/448470971/Communication.xml?api=v2">
        <edmx:Include Alias="vCard" Namespace="com.sap.vocabularies.Communication.v1" />
    </edmx:Reference> -->
    <!-- <edmx:Reference Uri="http://docs.oasis-open.org/odata/odata/v4.0/errata03/os/complete/vocabularies/Org.OData.Core.V1.xml">
        <edmx:Include Alias="Core" Namespace="Org.OData.Core.V1" />
    </edmx:Reference> -->
    <!-- <edmx:Reference Uri="http://docs.oasis-open.org/odata/odata/v4.0/errata03/os/complete/vocabularies/Org.OData.Measures.V1.xml">
        <edmx:Include Alias="CQP" Namespace="Org.OData.Measures.V1" />
    </edmx:Reference> -->
    <edmx:Reference Uri="https://wiki.scn.sap.com/wiki/download/attachments/448470968/UI.xml?api=v2">
        <edmx:Include Alias="UI" Namespace="com.sap.vocabularies.UI.v1" />
    </edmx:Reference>
    <!-- <edmx:Reference Uri="https://oasis-tcs.github.io/odata-vocabularies/vocabularies/Org.OData.Authorization.V1.xml">
        <edmx:Include Alias="Auth" Namespace="Org.OData.Authorization.V1" />
    </edmx:Reference>
    <edmx:Reference Uri="https://oasis-tcs.github.io/odata-vocabularies/vocabularies/Org.OData.Validation.V1.xml">
        <edmx:Include Alias="Validation" Namespace="Org.OData.Validation.V1" />
    </edmx:Reference> -->
    <edmx:DataServices>
        <Schema xmlns="http://docs.oasis-open.org/odata/ns/edm" Namespace="SAP">
            <Annotations Target="ZEAM_MALFUNCTION_MANAGE_SRV.ZC_MalfunctionReportWorkItemType/NotifProcessingPhase">
                <Annotation Term="Common.FilterDefaultValue" String="1" />
            </Annotations>
            <Annotations Target="ZEAM_MALFUNCTION_MANAGE_SRV.ZC_MalfunctionReportWorkItemType">
                <Annotation Term="UI.HeaderInfo">
                    <Record Type="UI.HeaderInfoType">
                        <PropertyValue Property="Title">
                            <Record Type="UI.DataField">
                                <PropertyValue Property="Value" Path="MaintenanceOrderOperation" />
                            </Record>
                        </PropertyValue>
                        <PropertyValue Property="TypeName" String="{@i18n&gt;MAINTENANCE_JOB}" />
                        <PropertyValue Property="TypeNamePlural" String="{@i18n&gt;xtit.maintenanceJobListTitle}" />
                        <PropertyValue Property="Description">
                            <Record Type="UI.DataField">
                                <PropertyValue Property="Value" Path="OperationDescription" />
                            </Record>
                        </PropertyValue>
                    </Record>
                </Annotation>
                <Annotation Term="UI.LineItem">
                    <Collection>
                        <Record Type="UI.DataField">
                            <PropertyValue Property="Value" Path="MaintenanceNotification" />
                            <Annotation Term="UI.Importance" EnumMember="UI.ImportanceType/High" />
                        </Record>
                        <Record Type="UI.DataField">
                            <PropertyValue Property="Value" Path="MaintenanceOrderOperation" />
                            <Annotation Term="UI.Importance" EnumMember="UI.ImportanceType/High" />
                        </Record>
                        <Record Type="UI.DataField">
                            <PropertyValue Property="Value" Path="OperationPlannedWork" />
                            <Annotation Term="UI.Importance" EnumMember="UI.ImportanceType/Low" />
                        </Record>
                        <Record Type="UI.DataField">
                            <PropertyValue Property="Value" Path="NotifProcessingPhase" />
                        </Record>
                        <Record Type="UI.DataField">
                            <PropertyValue Property="Value" Path="TechnicalObject" />
                        </Record>
                        <Record Type="UI.DataField">
                            <PropertyValue Property="Value" Path="TechnicalObjectLabel" />
                        </Record>
                        <Record Type="UI.DataField">
                            <PropertyValue Property="CriticalityRepresentation" EnumMember="UI.CriticalityRepresentationType/WithoutIcon" />
                            <PropertyValue Property="Value" Path="MaintPriority" />
                            <Annotation Term="UI.Importance" EnumMember="UI.ImportanceType/High" />
                        </Record>
                        <Record Type="UI.DataField">
                            <PropertyValue Property="Value" Path="MaintenanceOrder" />
                        </Record>
                        <Record Type="UI.DataField">
                            <PropertyValue Property="Value" Path="Plant" />
                        </Record>
                        <Record Type="UI.DataField">
                            <PropertyValue Property="Value" Path="OperationPlannedWorkUnit" />
                        </Record>
                        <Record Type="UI.DataField">
                            <PropertyValue Property="Value" Path="OperationWorkCenter" />
                        </Record>                       
                    </Collection>
                </Annotation>
                <Annotation Term="UI.SelectionFields">
                    <Collection>
                        <PropertyPath>NotifProcessingPhase</PropertyPath>
                        <!-- <PropertyPath>TechnicalObjectLabel</PropertyPath> -->
                        <PropertyPath>TechnicalObject</PropertyPath>
                    </Collection>
                </Annotation>
            </Annotations>
            <Annotations Target="ZEAM_MALFUNCTION_MANAGE_SRV.ZC_MaintOrderOperationTPType">
                <Annotation Term="UI.LineItem">
                    <Collection>
                        <Record Type="UI.DataField">
                            <PropertyValue Property="Value" Path="MaintenanceOrderOperation" />
                            <Annotation Term="UI.Importance" EnumMember="UI.ImportanceType/High" />
                        </Record>
                        <Record Type="UI.DataField">
                            <PropertyValue Property="Value" Path="OperationWorkCenter" />
                            <Annotation Term="UI.Importance" EnumMember="UI.ImportanceType/High" />
                        </Record>
                    </Collection>
                </Annotation>
            </Annotations>
            <Annotations xmlns="http://docs.oasis-open.org/odata/ns/edm" Target="ZEAM_MALFUNCTION_MANAGE_SRV.ZC_MalfunctionReportWorkItemType/TechnicalObjectLabel">
                <Annotation Term="Common.ValueList">
                    <Record>
                        <PropertyValue Property="CollectionPath" String="ZC_TechnicalObjectForEditVH" />
                        <PropertyValue Property="SearchSupported" Bool="true" />
                        <PropertyValue Property="Parameters">
                            <Collection>
                                <Record Type="Common.ValueListParameterInOut">
                                    <PropertyValue Property="LocalDataProperty" PropertyPath="TechnicalObjectLabel" />
                                    <PropertyValue Property="ValueListProperty" String="TechnicalObjectLabel" />
                                </Record>
                                <Record Type="Common.ValueListParameterDisplayOnly">
                                    <PropertyValue Property="ValueListProperty" String="TechnicalObjectDescription" />
                                </Record>
                            </Collection>
                        </PropertyValue>
                    </Record>
                </Annotation>
            </Annotations>
             <Annotations Target="ZEAM_MALFUNCTION_MANAGE_SRV.ZC_MalfunctionReportWorkItemType/NotifProcessingPhaseDescERP">
                <Annotation Term="UI.Hidden" />
            </Annotations>
            <Annotations Target="ZEAM_MALFUNCTION_MANAGE_SRV.ZC_MalfunctionReportWorkItemType/TechObjIsEquipOrFuncnlLoc">
                <Annotation Term="UI.Hidden" />
            </Annotations>
            <Annotations Target="ZEAM_MALFUNCTION_MANAGE_SRV.ZC_MalfunctionReportWorkItemType/NotificationText">
                <Annotation Term="UI.Hidden" />
            </Annotations>
            <!-- <Annotations Target="ZEAM_MALFUNCTION_MANAGE_SRV.ZC_MalfunctionReportWorkItemType/TechnicalObjectLabel">
                <Annotation Term="UI.Hidden" />
            </Annotations> -->
            <Annotations Target="ZEAM_MALFUNCTION_MANAGE_SRV.ZC_MalfunctionReportWorkItemType/OperationDescription">
                <Annotation Term="UI.Hidden" />
            </Annotations>
            <Annotations Target="ZEAM_MALFUNCTION_MANAGE_SRV.ZC_MalfunctionReportWorkItemType/MaintOrderOperationInternalID">
                <Annotation Term="UI.Hidden" />
            </Annotations>
            <Annotations xmlns="http://docs.oasis-open.org/odata/ns/edm" Target="ZEAM_MALFUNCTION_MANAGE_SRV.ZC_MalfunctionReportWorkItemType/NotifProcessingPhase">
                <Annotation Term="com.sap.vocabularies.Common.v1.Text" Path="NotifProcessingPhaseDescERP">
                    <Annotation Term="com.sap.vocabularies.UI.v1.TextArrangement" EnumMember="com.sap.vocabularies.UI.v1.TextArrangementType/TextLast" />
                </Annotation>
                <Annotation Term="Common.ValueList">
                    <Record>
                        <PropertyValue Property="CollectionPath" String="ZI_PMNotificationPhase" />
                        <PropertyValue Property="SearchSupported" Bool="false" />
                        <PropertyValue Property="Parameters">
                            <Collection>
                                <Record Type="Common.ValueListParameterInOut">
                                    <PropertyValue Property="LocalDataProperty" PropertyPath="NotifProcessingPhase" />
                                    <PropertyValue Property="ValueListProperty" String="NotifProcessingPhase" />
                                </Record>
                                <Record Type="Common.ValueListParameterDisplayOnly">
                                    <PropertyValue Property="ValueListProperty" String="NotifProcessingPhase_Text" />
                                </Record>
                            </Collection>
                        </PropertyValue>
                    </Record>
                </Annotation>
                <Annotation Term="com.sap.vocabularies.Common.v1.ValueListWithFixedValues" Bool="true" />
            </Annotations>
            <Annotations xmlns="http://docs.oasis-open.org/odata/ns/edm" Target="ZEAM_MALFUNCTION_MANAGE_SRV.ZC_MalfunctionReportWorkItemType/MaintenanceOrderOperation">
                <Annotation Term="com.sap.vocabularies.Common.v1.Text" Path="OperationDescription">
                    <Annotation Term="com.sap.vocabularies.UI.v1.TextArrangement" EnumMember="com.sap.vocabularies.UI.v1.TextArrangementType/TextLast" />
                </Annotation>
            </Annotations>
            <Annotations xmlns="http://docs.oasis-open.org/odata/ns/edm" Target="ZEAM_MALFUNCTION_MANAGE_SRV.ZC_MalfunctionReportWorkItemType/TechnicalObject">
                <!-- <Annotation Term="com.sap.vocabularies.Common.v1.Text" Path="TechnicalObjectLabel">
                    <Annotation Term="com.sap.vocabularies.UI.v1.TextArrangement" EnumMember="com.sap.vocabularies.UI.v1.TextArrangementType/TextLast" />
                </Annotation> -->
                <Annotation Term="Common.ValueList">
                    <Record>
                        <PropertyValue Property="CollectionPath" String="ZC_TechnicalObject" />
                        <PropertyValue Property="SearchSupported" Bool="false" />
                        <PropertyValue Property="Parameters">
                            <Collection>
                                <Record Type="Common.ValueListParameterInOut">
                                    <PropertyValue Property="LocalDataProperty" PropertyPath="TechnicalObject" />
                                    <PropertyValue Property="ValueListProperty" String="TechnicalObject" />
                                </Record>
                                <Record Type="Common.ValueListParameterDisplayOnly">
                                    <PropertyValue Property="ValueListProperty" String="TechnicalObjectDescription" />
                                </Record>
                                <Record Type="Common.ValueListParameterDisplayOnly">
                                    <PropertyValue Property="ValueListProperty" String="TechnicalObjectType" />
                                </Record>
                            </Collection>
                        </PropertyValue>
                    </Record>
                </Annotation>
                <Annotation Term="com.sap.vocabularies.Common.v1.ValueListWithFixedValues" Bool="false" />
            </Annotations>
            <Annotations xmlns="http://docs.oasis-open.org/odata/ns/edm" Target="ZEAM_MALFUNCTION_MANAGE_SRV.ZC_MaintNotificationTPType/MaintNotificationCode">
                <Annotation Term="com.sap.vocabularies.Common.v1.Text" Path="InspectionCodeText">
                    <Annotation Term="com.sap.vocabularies.UI.v1.TextArrangement" EnumMember="com.sap.vocabularies.UI.v1.TextArrangementType/TextLast" />
                </Annotation>
            </Annotations>
            <Annotations xmlns="http://docs.oasis-open.org/odata/ns/edm" Target="ZEAM_MALFUNCTION_MANAGE_SRV.ZC_MaintNotificationTPType/MaintNotificationCodeGroup">
                <Annotation Term="com.sap.vocabularies.Common.v1.Text" Path="InspSpecAddlCodeGroupText">
                    <Annotation Term="com.sap.vocabularies.UI.v1.TextArrangement" EnumMember="com.sap.vocabularies.UI.v1.TextArrangementType/TextLast" />
                </Annotation>
            </Annotations>
            <Annotations xmlns="http://docs.oasis-open.org/odata/ns/edm" Target="ZEAM_MALFUNCTION_MANAGE_SRV.ZC_MalfunctionReportWorkItemType/OperationWorkCenter">
                <Annotation Term="com.sap.vocabularies.Common.v1.Text" Path="OperationWorkCenterText">
                    <Annotation Term="com.sap.vocabularies.UI.v1.TextArrangement" EnumMember="com.sap.vocabularies.UI.v1.TextArrangementType/TextLast" />
                </Annotation>
            </Annotations>
            <Annotations xmlns="http://docs.oasis-open.org/odata/ns/edm" Target="ZEAM_MALFUNCTION_MANAGE_SRV.ZC_MaintOrderComponentTPType/Material">
                <Annotation Term="com.sap.vocabularies.Common.v1.Text" Path="MaterialName">
                    <Annotation Term="com.sap.vocabularies.UI.v1.TextArrangement" EnumMember="com.sap.vocabularies.UI.v1.TextArrangementType/TextLast" />
                </Annotation>
            </Annotations>
            <Annotations xmlns="http://docs.oasis-open.org/odata/ns/edm" Target="ZEAM_MALFUNCTION_MANAGE_SRV.ZI_TechnicalObjectType/TechnicalObjectType">
                <Annotation Term="com.sap.vocabularies.Common.v1.Text" Path="TechnicalObjectDescription">
                    <Annotation Term="com.sap.vocabularies.UI.v1.TextArrangement" EnumMember="com.sap.vocabularies.UI.v1.TextArrangementType/TextLast" />
                </Annotation>
            </Annotations>
            <Annotations xmlns="http://docs.oasis-open.org/odata/ns/edm" Target="ZEAM_MALFUNCTION_MANAGE_SRV.ZC_MaintOrderComponentTPType/Material">
                <Annotation Term="com.sap.vocabularies.Common.v1.Text" Path="MaterialName">
                    <Annotation Term="com.sap.vocabularies.UI.v1.TextArrangement" EnumMember="com.sap.vocabularies.UI.v1.TextArrangementType/TextLast" />
                </Annotation>
            </Annotations>
            <Annotations xmlns="http://docs.oasis-open.org/odata/ns/edm" Target="ZEAM_MALFUNCTION_MANAGE_SRV.ZC_MaintOrderOperationTPType/OperationPlannedWorkUnit">
                <Annotation Term="com.sap.vocabularies.Common.v1.ValueListWithFixedValues" Bool="true" />
                <Annotation Term="com.sap.vocabularies.Common.v1.ValueList">
                    <Record>
                        <PropertyValue Property="CollectionPath" String="ZI_PMTimeUnitVH" />
                        <PropertyValue Property="Parameters">
                            <Collection>
                                <Record Type="com.sap.vocabularies.Common.v1.ValueListParameterInOut">
                                    <PropertyValue Property="LocalDataProperty" PropertyPath="OperationPlannedWorkUnit" />
                                    <PropertyValue Property="ValueListProperty" String="UnitOfMeasure" />
                                </Record>
                            </Collection>
                        </PropertyValue>
                    </Record>
                </Annotation>
            </Annotations>
             <Annotations xmlns="http://docs.oasis-open.org/odata/ns/edm" Target="ZEAM_MALFUNCTION_MANAGE_SRV.ZC_MaintOrderOperationTPType/OperationPersonResponsible">
                <Annotation Term="com.sap.vocabularies.Common.v1.ValueListWithFixedValues" Bool="false" />
                <Annotation Term="com.sap.vocabularies.Common.v1.ValueList">
                    <Record>
                        <PropertyValue Property="CollectionPath" String="ZI_PMContactCardEmployee" />
                        <PropertyValue Property="Parameters">
                            <Collection>
                                <Record Type="com.sap.vocabularies.Common.v1.ValueListParameterInOut">
                                    <PropertyValue Property="LocalDataProperty" PropertyPath="OperationPersonResponsible" />
                                    <PropertyValue Property="ValueListProperty" String="PersonnelNumber" />
                                </Record>
                                  <Record Type="Common.ValueListParameterDisplayOnly">
                                    <PropertyValue Property="ValueListProperty" String="FirstName" />
                                </Record>
                                 <Record Type="Common.ValueListParameterDisplayOnly">
                                    <PropertyValue Property="ValueListProperty" String="FamilyName" />
                                </Record>
                            </Collection>
                        </PropertyValue>
                    </Record>
                </Annotation>
            </Annotations>
        </Schema>
    </edmx:DataServices>
</edmx:Edmx>
