{
	"_version": "1.1.0",
	"resources": [
		{
			"name": "Component-dbg.js",
			"isDebug": true
		},
		{
			"name": "Component.js"
		},
		{
			"name": "components/fscomponent/Component-dbg.js",
			"isDebug": true
		},
		{
			"name": "components/fscomponent/Component.js"
		},
		{
			"name": "components/fscomponent/manifest.json"
		},
		{
			"name": "components/stcomponent/Component-dbg.js",
			"isDebug": true
		},
		{
			"name": "components/stcomponent/Component.js"
		},
		{
			"name": "components/stcomponent/manifest.json"
		},
		{
			"name": "fragment/checkInActionSheet.fragment.xml"
		},
		{
			"name": "fragment/grouping.fragment.xml"
		},
		{
			"name": "i18n/i18n.properties",
			"locale": "",
			"raw": "i18n/i18n.properties"
		},
		{
			"name": "i18n/i18n_ar.properties",
			"locale": "ar",
			"raw": "i18n/i18n.properties"
		},
		{
			"name": "i18n/i18n_bg.properties",
			"locale": "bg",
			"raw": "i18n/i18n.properties"
		},
		{
			"name": "i18n/i18n_ca.properties",
			"locale": "ca",
			"raw": "i18n/i18n.properties"
		},
		{
			"name": "i18n/i18n_cs.properties",
			"locale": "cs",
			"raw": "i18n/i18n.properties"
		},
		{
			"name": "i18n/i18n_da.properties",
			"locale": "da",
			"raw": "i18n/i18n.properties"
		},
		{
			"name": "i18n/i18n_de.properties",
			"locale": "de",
			"raw": "i18n/i18n.properties"
		},
		{
			"name": "i18n/i18n_el.properties",
			"locale": "el",
			"raw": "i18n/i18n.properties"
		},
		{
			"name": "i18n/i18n_en.properties",
			"locale": "en",
			"raw": "i18n/i18n.properties"
		},
		{
			"name": "i18n/i18n_en_US_sappsd.properties",
			"locale": "en_US_sappsd",
			"raw": "i18n/i18n.properties"
		},
		{
			"name": "i18n/i18n_en_US_saptrc.properties",
			"locale": "en_US_saptrc",
			"raw": "i18n/i18n.properties"
		},
		{
			"name": "i18n/i18n_es.properties",
			"locale": "es",
			"raw": "i18n/i18n.properties"
		},
		{
			"name": "i18n/i18n_et.properties",
			"locale": "et",
			"raw": "i18n/i18n.properties"
		},
		{
			"name": "i18n/i18n_fi.properties",
			"locale": "fi",
			"raw": "i18n/i18n.properties"
		},
		{
			"name": "i18n/i18n_fr.properties",
			"locale": "fr",
			"raw": "i18n/i18n.properties"
		},
		{
			"name": "i18n/i18n_hi.properties",
			"locale": "hi",
			"raw": "i18n/i18n.properties"
		},
		{
			"name": "i18n/i18n_hr.properties",
			"locale": "hr",
			"raw": "i18n/i18n.properties"
		},
		{
			"name": "i18n/i18n_hu.properties",
			"locale": "hu",
			"raw": "i18n/i18n.properties"
		},
		{
			"name": "i18n/i18n_it.properties",
			"locale": "it",
			"raw": "i18n/i18n.properties"
		},
		{
			"name": "i18n/i18n_iw.properties",
			"locale": "iw",
			"raw": "i18n/i18n.properties"
		},
		{
			"name": "i18n/i18n_ja.properties",
			"locale": "ja",
			"raw": "i18n/i18n.properties"
		},
		{
			"name": "i18n/i18n_kk.properties",
			"locale": "kk",
			"raw": "i18n/i18n.properties"
		},
		{
			"name": "i18n/i18n_ko.properties",
			"locale": "ko",
			"raw": "i18n/i18n.properties"
		},
		{
			"name": "i18n/i18n_lt.properties",
			"locale": "lt",
			"raw": "i18n/i18n.properties"
		},
		{
			"name": "i18n/i18n_lv.properties",
			"locale": "lv",
			"raw": "i18n/i18n.properties"
		},
		{
			"name": "i18n/i18n_ms.properties",
			"locale": "ms",
			"raw": "i18n/i18n.properties"
		},
		{
			"name": "i18n/i18n_nl.properties",
			"locale": "nl",
			"raw": "i18n/i18n.properties"
		},
		{
			"name": "i18n/i18n_no.properties",
			"locale": "no",
			"raw": "i18n/i18n.properties"
		},
		{
			"name": "i18n/i18n_pl.properties",
			"locale": "pl",
			"raw": "i18n/i18n.properties"
		},
		{
			"name": "i18n/i18n_pt.properties",
			"locale": "pt",
			"raw": "i18n/i18n.properties"
		},
		{
			"name": "i18n/i18n_ro.properties",
			"locale": "ro",
			"raw": "i18n/i18n.properties"
		},
		{
			"name": "i18n/i18n_ru.properties",
			"locale": "ru",
			"raw": "i18n/i18n.properties"
		},
		{
			"name": "i18n/i18n_sh.properties",
			"locale": "sh",
			"raw": "i18n/i18n.properties"
		},
		{
			"name": "i18n/i18n_sk.properties",
			"locale": "sk",
			"raw": "i18n/i18n.properties"
		},
		{
			"name": "i18n/i18n_sl.properties",
			"locale": "sl",
			"raw": "i18n/i18n.properties"
		},
		{
			"name": "i18n/i18n_sv.properties",
			"locale": "sv",
			"raw": "i18n/i18n.properties"
		},
		{
			"name": "i18n/i18n_th.properties",
			"locale": "th",
			"raw": "i18n/i18n.properties"
		},
		{
			"name": "i18n/i18n_tr.properties",
			"locale": "tr",
			"raw": "i18n/i18n.properties"
		},
		{
			"name": "i18n/i18n_uk.properties",
			"locale": "uk",
			"raw": "i18n/i18n.properties"
		},
		{
			"name": "i18n/i18n_vi.properties",
			"locale": "vi",
			"raw": "i18n/i18n.properties"
		},
		{
			"name": "i18n/i18n_zh_CN.properties",
			"locale": "zh_CN",
			"raw": "i18n/i18n.properties"
		},
		{
			"name": "i18n/i18n_zh_TW.properties",
			"locale": "zh_TW",
			"raw": "i18n/i18n.properties"
		},
		{
			"name": "localService/metadata.xml"
		},
		{
			"name": "localService/mockdata/DocumentHeaderDraftSet.json"
		},
		{
			"name": "localService/mockdata/ObjectLinkDraftSet.json"
		},
		{
			"name": "localService/mockdata/OriginalContent.json"
		},
		{
			"name": "localService/mockdata/OriginalContentSet.json"
		},
		{
			"name": "localService/mockdata/OriginalUploadParamsSet.json"
		},
		{
			"name": "localService/mockserver-dbg.js",
			"isDebug": true
		},
		{
			"name": "localService/mockserver.js"
		},
		{
			"name": "manifest.json"
		},
		{
			"name": "util/assignUnassignDIR-dbg.js",
			"isDebug": true
		},
		{
			"name": "util/assignUnassignDIR.js"
		},
		{
			"name": "util/largeFileHandling-dbg.js",
			"isDebug": true
		},
		{
			"name": "util/largeFileHandling.js"
		},
		{
			"name": "view/Attachment-dbg.controller.js",
			"isDebug": true
		},
		{
			"name": "view/Attachment.controller.js"
		},
		{
			"name": "view/Attachment.view.xml"
		}
	]
}
