<?xml version="1.0" encoding="utf-8"?>
<edmx:Edmx Version="4.0" xmlns:edmx="http://docs.oasis-open.org/odata/ns/edmx">
    <edmx:Reference Uri="../../catalogservice;v=2/Vocabularies(TechnicalName='%2FIWBEP%2FVOC_COMMON',Version='0001',SAP__Origin='GW_PP2_LANDSCAPE')/$value">
        <edmx:Include Namespace="com.sap.vocabularies.Common.v1" Alias="Common"/>
    </edmx:Reference>
    <edmx:Reference Uri="../../catalogservice;v=2/Vocabularies(TechnicalName='%2FIWBEP%2FVOC_UI',Version='0001',SAP__Origin='GW_PP2_LANDSCAPE')/$value">
        <edmx:Include Namespace="com.sap.vocabularies.UI.v1" Alias="UI"/>
    </edmx:Reference>
    <edmx:Reference Uri="../../catalogservice;v=2/Vocabularies(TechnicalName='%2FIWBEP%2FVOC_COMMUNICATION',Version='0001',SAP__Origin='GW_PP2_LANDSCAPE')/$value">
        <edmx:Include Namespace="com.sap.vocabularies.Communication.v1" Alias="Communication"/>
    </edmx:Reference>
    <edmx:Reference Uri="../../../sap/zeam_malfunction_manage_srv/$metadata">
        <edmx:Include Namespace="ZEAM_MALFUNCTION_MANAGE_SRV" Alias="SAP"/>
    </edmx:Reference>
    <edmx:DataServices>
        <Schema Namespace="zeam_malfunction_manage_anno_mdl.v1" xmlns="http://docs.oasis-open.org/odata/ns/edm">
            <Annotations Target="ZEAM_MALFUNCTION_MANAGE_SRV.ZC_AllMaterialsMalfuncManageType/Material">
                <Annotation Term="Common.FieldControl" EnumMember="Common.FieldControlType/Hidden"/>
                <Annotation Term="UI.Hidden"/>
            </Annotations>
            <Annotations Target="ZEAM_MALFUNCTION_MANAGE_SRV.ZC_AllMaterialsMalfuncManageType/MaterialName">
                <Annotation Term="Common.FieldControl" EnumMember="Common.FieldControlType/Hidden"/>
                <Annotation Term="UI.Hidden"/>
            </Annotations>
            <Annotations Target="ZEAM_MALFUNCTION_MANAGE_SRV.ZC_AllMaterialsMalfuncManageType/MaterialBaseUnit">
                <Annotation Term="Common.FieldControl" EnumMember="Common.FieldControlType/Hidden"/>
                <Annotation Term="UI.Hidden"/>
            </Annotations>
            <Annotations Target="ZEAM_MALFUNCTION_MANAGE_SRV.ZC_AllMaterialsMalfuncManageType/MaterialWeightUnit">
                <Annotation Term="Common.FieldControl" EnumMember="Common.FieldControlType/Hidden"/>
                <Annotation Term="UI.Hidden"/>
            </Annotations>
            <Annotations Target="ZEAM_MALFUNCTION_MANAGE_SRV.ZC_AllMaterialsMalfuncManageType/AvailabilityCheckType">
                <Annotation Term="Common.FieldControl" EnumMember="Common.FieldControlType/Hidden"/>
                <Annotation Term="UI.Hidden"/>
            </Annotations>
            <Annotations Target="ZEAM_MALFUNCTION_MANAGE_SRV.ZC_AllMaterialsMalfuncManageType/RequirementQuantityInBaseUnit">
                <Annotation Term="Common.FieldControl" EnumMember="Common.FieldControlType/Hidden"/>
                <Annotation Term="UI.Hidden"/>
            </Annotations>
            <Annotations Target="ZEAM_MALFUNCTION_MANAGE_SRV.ZC_AllMaterialsMalfuncManageType">
                <Annotation Term="UI.HeaderInfo">
                    <Record>
                        <PropertyValue Property="TypeName" String="Material"/>
                        <PropertyValue Property="TypeNamePlural" String="Materials"/>
                        <PropertyValue Property="Title">
                            <Record Type="UI.DataField">
                                <PropertyValue Property="Value" Path="Material"/>
                            </Record>
                        </PropertyValue>
                        <PropertyValue Property="Description">
                            <Record Type="UI.DataField">
                                <PropertyValue Property="Value" Path="MaterialName"/>
                            </Record>
                        </PropertyValue>
                    </Record>
                </Annotation>
            </Annotations>
            <Annotations Target="ZEAM_MALFUNCTION_MANAGE_SRV.ZC_MaintOrderComponentTPType/">
                <Annotation Term="Common.FieldControl" EnumMember="Common.FieldControlType/Hidden"/>
                <Annotation Term="UI.Hidden"/>
                <Annotation Term="Common.FieldControl" EnumMember="Common.FieldControlType/Hidden"/>
                <Annotation Term="UI.Hidden"/>
                <Annotation Term="Common.FieldControl" EnumMember="Common.FieldControlType/Hidden"/>
                <Annotation Term="UI.Hidden"/>
            </Annotations>
            <Annotations Target="ZEAM_MALFUNCTION_MANAGE_SRV.ZC_MaintOrderComponentTPType/MaintOrderRoutingNumber">
                <Annotation Term="Common.FieldControl" EnumMember="Common.FieldControlType/Hidden"/>
                <Annotation Term="UI.Hidden"/>
                <Annotation Term="Common.FieldControl" EnumMember="Common.FieldControlType/Hidden"/>
                <Annotation Term="UI.Hidden"/>
                <Annotation Term="Common.FieldControl" EnumMember="Common.FieldControlType/Hidden"/>
                <Annotation Term="UI.Hidden"/>
            </Annotations>
            <Annotations Target="ZEAM_MALFUNCTION_MANAGE_SRV.ZC_MaintOrderComponentTPType/MaintOrderOperationCounter">
                <Annotation Term="Common.FieldControl" EnumMember="Common.FieldControlType/Hidden"/>
                <Annotation Term="UI.Hidden"/>
                <Annotation Term="Common.FieldControl" EnumMember="Common.FieldControlType/Hidden"/>
                <Annotation Term="UI.Hidden"/>
                <Annotation Term="Common.FieldControl" EnumMember="Common.FieldControlType/Hidden"/>
                <Annotation Term="UI.Hidden"/>
            </Annotations>
            <Annotations Target="ZEAM_MALFUNCTION_MANAGE_SRV.ZC_MaintOrderComponentTPType">
                <Annotation Term="UI.LineItem">
                    <Collection>
                        <Record Type="UI.DataField">
                            <Annotation Term="UI.Importance" EnumMember="UI.ImportanceType/High"/>
                        </Record>
                        <Record Type="UI.DataField"/>
                    </Collection>
                </Annotation>
                <Annotation Term="UI.LineItem">
                    <Collection>
                        <Record Type="UI.DataField">
                            <PropertyValue Property="Value" Path="Material"/>
                            <Annotation Term="UI.Importance" EnumMember="UI.ImportanceType/High"/>
                        </Record>
                        <Record Type="UI.DataField">
                            <PropertyValue Property="Value" Path="RequirementQuantityInBaseUnit"/>
                        </Record>
                        <Record Type="UI.DataField">
                            <PropertyValue Property="Value" Path="QuantityWithdrawnInBaseUnit"/>
                        </Record>
                    </Collection>
                </Annotation>
                <Annotation Term="UI.LineItem">
                    <Collection>
                        <Record Type="UI.DataField">
                            <PropertyValue Property="Value" Path="Material"/>
                            <Annotation Term="UI.Importance" EnumMember="UI.ImportanceType/High"/>
                        </Record>
                        <Record Type="UI.DataField">
                            <PropertyValue Property="Value" Path="RequirementQuantityInBaseUnit"/>
                        </Record>
                        <Record Type="UI.DataField">
                            <PropertyValue Property="Value" Path="QuantityWithdrawnInBaseUnit"/>
                        </Record>
                    </Collection>
                </Annotation>
            </Annotations>
            <Annotations>
                <Annotation Term="UI.HiddenFilter"/>
                <Annotation Term="UI.HiddenFilter"/>
            </Annotations>
            <Annotations Target="ZEAM_MALFUNCTION_MANAGE_SRV.ZC_PMWorkCenterVHType/WorkCenterInternalID">
                <Annotation Term="Common.FieldControl" EnumMember="Common.FieldControlType/Hidden"/>
                <Annotation Term="UI.Hidden"/>
            </Annotations>
            <Annotations Target="ZEAM_MALFUNCTION_MANAGE_SRV.ZC_PMWorkCenterVHType/WorkCenterTypeCode">
                <Annotation Term="Common.FieldControl" EnumMember="Common.FieldControlType/Hidden"/>
                <Annotation Term="UI.Hidden"/>
            </Annotations>
            <Annotations Target="ZEAM_MALFUNCTION_MANAGE_SRV.ZC_MaintOrderComponentTPType/MaintenanceOrderComponent">
                <Annotation Term="Common.FieldControl" EnumMember="Common.FieldControlType/Hidden"/>
                <Annotation Term="UI.Hidden"/>
                <Annotation Term="Common.FieldControl" EnumMember="Common.FieldControlType/Hidden"/>
                <Annotation Term="UI.Hidden"/>
            </Annotations>
            <Annotations Target="ZEAM_MALFUNCTION_MANAGE_SRV.ZC_MaintOrderComponentTPType/MaintOrderComponentForEdit">
                <Annotation Term="Common.FieldControl" EnumMember="Common.FieldControlType/Hidden"/>
                <Annotation Term="UI.Hidden"/>
                <Annotation Term="Common.FieldControl" EnumMember="Common.FieldControlType/Hidden"/>
                <Annotation Term="UI.Hidden"/>
            </Annotations>
            <Annotations Target="ZEAM_MALFUNCTION_MANAGE_SRV.ZC_MaintOrderComponentTPType/ReservationType">
                <Annotation Term="Common.FieldControl" EnumMember="Common.FieldControlType/Hidden"/>
                <Annotation Term="UI.Hidden"/>
                <Annotation Term="Common.FieldControl" EnumMember="Common.FieldControlType/Hidden"/>
                <Annotation Term="UI.Hidden"/>
            </Annotations>
            <Annotations Target="ZEAM_MALFUNCTION_MANAGE_SRV.ZC_StorageLocationVHType">
                <Annotation Term="UI.LineItem">
                    <Collection>
                        <Record Type="UI.DataField">
                            <PropertyValue Property="Value" Path="StorageLocation"/>
                        </Record>
                        <Record Type="UI.DataField">
                            <PropertyValue Property="Value" Path="Plant"/>
                        </Record>
                        <Record Type="UI.DataField">
                            <PropertyValue Property="Value" Path="Material"/>
                        </Record>
                    </Collection>
                </Annotation>
            </Annotations>
            <Annotations Target="ZEAM_MALFUNCTION_MANAGE_SRV.ZC_MaintOrderTPType/MaintenanceOrderForEdit">
                <Annotation Term="Common.FieldControl" EnumMember="Common.FieldControlType/Hidden"/>
                <Annotation Term="UI.Hidden"/>
                <Annotation Term="Common.FieldControl" EnumMember="Common.FieldControlType/Hidden"/>
                <Annotation Term="UI.Hidden"/>
            </Annotations>
            <Annotations Target="ZEAM_MALFUNCTION_MANAGE_SRV.ZC_MaintOrderTPType/MaintPriorityType">
                <Annotation Term="Common.FieldControl" EnumMember="Common.FieldControlType/Hidden"/>
                <Annotation Term="UI.Hidden"/>
                <Annotation Term="Common.FieldControl" EnumMember="Common.FieldControlType/Hidden"/>
                <Annotation Term="UI.Hidden"/>
            </Annotations>
            <Annotations Target="ZEAM_MALFUNCTION_MANAGE_SRV.ZC_MaintOrderTPType/MaintenanceProcessingPhase">
                <Annotation Term="Common.FieldControl" EnumMember="Common.FieldControlType/Hidden"/>
                <Annotation Term="UI.Hidden"/>
                <Annotation Term="Common.FieldControl" EnumMember="Common.FieldControlType/Hidden"/>
                <Annotation Term="UI.Hidden"/>
            </Annotations>
            <Annotations Target="ZEAM_MALFUNCTION_MANAGE_SRV.ZC_MaintOrderTPType/MaintObjectLocAcctAssgmtNmbr">
                <Annotation Term="Common.FieldControl" EnumMember="Common.FieldControlType/Hidden"/>
                <Annotation Term="UI.Hidden"/>
                <Annotation Term="Common.FieldControl" EnumMember="Common.FieldControlType/Hidden"/>
                <Annotation Term="UI.Hidden"/>
            </Annotations>
            <Annotations Target="ZEAM_MALFUNCTION_MANAGE_SRV.ZC_MaintOrderTPType/MaintOrderRoutingNumber">
                <Annotation Term="Common.FieldControl" EnumMember="Common.FieldControlType/Hidden"/>
                <Annotation Term="UI.Hidden"/>
                <Annotation Term="Common.FieldControl" EnumMember="Common.FieldControlType/Hidden"/>
                <Annotation Term="UI.Hidden"/>
            </Annotations>
            <Annotations Target="ZEAM_MALFUNCTION_MANAGE_SRV.ZC_MaintOrderTPType/MaintenanceOrderCategory">
                <Annotation Term="Common.FieldControl" EnumMember="Common.FieldControlType/Hidden"/>
                <Annotation Term="UI.Hidden"/>
                <Annotation Term="Common.FieldControl" EnumMember="Common.FieldControlType/Hidden"/>
                <Annotation Term="UI.Hidden"/>
            </Annotations>
            <Annotations Target="ZEAM_MALFUNCTION_MANAGE_SRV.ZC_MaintOrderTPType/MaintenanceOrderInternalID">
                <Annotation Term="Common.FieldControl" EnumMember="Common.FieldControlType/Hidden"/>
                <Annotation Term="UI.Hidden"/>
                <Annotation Term="Common.FieldControl" EnumMember="Common.FieldControlType/Hidden"/>
                <Annotation Term="UI.Hidden"/>
            </Annotations>
            <Annotations Target="ZEAM_MALFUNCTION_MANAGE_SRV.ZC_MaintOrderTPType/MaintOrderSourceApplication">
                <Annotation Term="Common.FieldControl" EnumMember="Common.FieldControlType/Hidden"/>
                <Annotation Term="UI.Hidden"/>
                <Annotation Term="Common.FieldControl" EnumMember="Common.FieldControlType/Hidden"/>
                <Annotation Term="UI.Hidden"/>
            </Annotations>
            <Annotations Target="ZEAM_MALFUNCTION_MANAGE_SRV.ZC_MaintOrderTPType/MaintenanceOrder">
                <Annotation Term="Common.SemanticObject" String="MaintenanceOrder"/>
                <Annotation Term="Common.SemanticObject" String="MaintenanceOrder"/>
            </Annotations>
            <Annotations Target="ZEAM_MALFUNCTION_MANAGE_SRV.ZC_MaintOrderTPType/TechnicalObject">
                <Annotation Term="Common.SemanticObject" String="MaintenanceObject"/>
                <Annotation Term="Common.SemanticObject" String="MaintenanceObject"/>
            </Annotations>
            <Annotations Target="ZEAM_MALFUNCTION_MANAGE_SRV.ZC_MaintOrderTPType/MaintenanceNotification">
                <Annotation Term="Common.SemanticObject" String="MaintenanceNotification"/>
                <Annotation Term="Common.SemanticObject" String="MaintenanceNotification"/>
            </Annotations>
            <Annotations Target="ZEAM_MALFUNCTION_MANAGE_SRV.ZC_MaintOrderTPType">
                <Annotation Term="UI.HeaderInfo">
                    <Record>
                        <PropertyValue Property="TypeName" String="Maintenance Order"/>
                        <PropertyValue Property="TypeNamePlural" String="Maintenance Orders"/>
                        <PropertyValue Property="Title">
                            <Record Type="UI.DataField">
                                <PropertyValue Property="Value" Path="MaintenanceOrder"/>
                            </Record>
                        </PropertyValue>
                        <PropertyValue Property="Description">
                            <Record Type="UI.DataField">
                                <PropertyValue Property="Value" Path="MaintenanceOrderDesc"/>
                            </Record>
                        </PropertyValue>
                    </Record>
                </Annotation>
                <Annotation Term="UI.HeaderInfo">
                    <Record>
                        <PropertyValue Property="TypeName" String="Maintenance Order"/>
                        <PropertyValue Property="TypeNamePlural" String="Maintenance Orders"/>
                        <PropertyValue Property="Title">
                            <Record Type="UI.DataField">
                                <PropertyValue Property="Value" Path="MaintenanceOrder"/>
                            </Record>
                        </PropertyValue>
                        <PropertyValue Property="Description">
                            <Record Type="UI.DataField">
                                <PropertyValue Property="Value" Path="MaintenanceOrderDesc"/>
                            </Record>
                        </PropertyValue>
                    </Record>
                </Annotation>
            </Annotations>
            <Annotations Target="ZEAM_MALFUNCTION_MANAGE_SRV.ZC_TechnicalObjectType/ItemCounter">
                <Annotation Term="Common.FieldControl" EnumMember="Common.FieldControlType/Hidden"/>
                <Annotation Term="UI.Hidden"/>
            </Annotations>
            <Annotations Target="ZEAM_MALFUNCTION_MANAGE_SRV.ZC_MaintOrderOperationTPType/MaintOrderOperationForEdit">
                <Annotation Term="Common.FieldControl" EnumMember="Common.FieldControlType/Hidden"/>
                <Annotation Term="UI.Hidden"/>
            </Annotations>
            <Annotations Target="ZEAM_MALFUNCTION_MANAGE_SRV.ZC_MaintOrderOperationTPType/MaintOrderRoutingNumber">
                <Annotation Term="Common.FieldControl" EnumMember="Common.FieldControlType/Hidden"/>
                <Annotation Term="UI.Hidden"/>
            </Annotations>
            <Annotations Target="ZEAM_MALFUNCTION_MANAGE_SRV.ZC_MaintOrderOperationTPType/MaintOrderOperationCounter">
                <Annotation Term="Common.FieldControl" EnumMember="Common.FieldControlType/Hidden"/>
                <Annotation Term="UI.Hidden"/>
            </Annotations>
            <Annotations Target="ZEAM_MALFUNCTION_MANAGE_SRV.ZC_MaintOrderOperationTPType/OperationWorkCenterInternalID">
                <Annotation Term="Common.FieldControl" EnumMember="Common.FieldControlType/Hidden"/>
                <Annotation Term="UI.Hidden"/>
            </Annotations>
            <Annotations Target="ZEAM_MALFUNCTION_MANAGE_SRV.ZC_MaintOrderOperationTPType/MaintOrderOperationInternalID">
                <Annotation Term="Common.FieldControl" EnumMember="Common.FieldControlType/Hidden"/>
                <Annotation Term="UI.Hidden"/>
            </Annotations>
            <Annotations Target="ZEAM_MALFUNCTION_MANAGE_SRV.ZC_MaintOrderOperationTPType/MaintenanceOrderSubOperation">
                <Annotation Term="Common.FieldControl" EnumMember="Common.FieldControlType/Hidden"/>
                <Annotation Term="UI.Hidden"/>
            </Annotations>
            <Annotations Target="ZEAM_MALFUNCTION_MANAGE_SRV.ZC_MaintOrderOperationTPType/MaintenanceOrderOperation">
                <Annotation Term="Common.SemanticObject" String="MaintenanceOrderOperation"/>
            </Annotations>
            <Annotations Target="ZEAM_MALFUNCTION_MANAGE_SRV.ZC_MaintOrderOperationTPType">
                <Annotation Term="UI.FieldGroup" Qualifier="MalfunctionReportWorkItem">
                    <Record>
                        <PropertyValue Property="Data">
                            <Collection>
                                <Record Type="UI.DataField">
                                    <PropertyValue Property="Label" String="Work Item"/>
                                    <PropertyValue Property="Value" Path="MaintenanceOrderOperation"/>
                                    <Annotation Term="UI.Importance" EnumMember="UI.ImportanceType/High"/>
                                </Record>
                            </Collection>
                        </PropertyValue>
                    </Record>
                </Annotation>
                <Annotation Term="UI.HeaderInfo">
                    <Record>
                        <PropertyValue Property="TypeName" String="Maintenance Order Operation"/>
                        <PropertyValue Property="TypeNamePlural" String="Maintenance Order Operations"/>
                        <PropertyValue Property="Title">
                            <Record Type="UI.DataField">
                                <PropertyValue Property="Value" Path="MaintenanceOrderOperation"/>
                            </Record>
                        </PropertyValue>
                        <PropertyValue Property="Description">
                            <Record Type="UI.DataField">
                                <PropertyValue Property="Value" Path="OperationDescription"/>
                            </Record>
                        </PropertyValue>
                    </Record>
                </Annotation>
                <Annotation Term="UI.LineItem">
                    <Collection>
                        <Record Type="UI.DataField">
                            <PropertyValue Property="Value" Path="MaintenanceOrderOperation"/>
                            <Annotation Term="UI.Importance" EnumMember="UI.ImportanceType/High"/>
                        </Record>
                        <Record Type="UI.DataField">
                            <PropertyValue Property="Value" Path="OperationWorkCenter"/>
                        </Record>
                        <Record Type="UI.DataField">
                            <PropertyValue Property="Value" Path="OperationPlannedWork"/>
                            <Annotation Term="UI.Importance" EnumMember="UI.ImportanceType/Low"/>
                        </Record>
                        <Record Type="UI.DataField">
                            <PropertyValue Property="Value" Path="ConfirmationTotalQuantity"/>
                        </Record>
                        <Record Type="UI.DataField">
                            <PropertyValue Property="Value" Path="IsFinallyConfirmed"/>
                        </Record>
                    </Collection>
                </Annotation>
            </Annotations>
            <Annotations Target="ZEAM_MALFUNCTION_MANAGE_SRV.ZC_TechnicalObjectForEditVHType/TechnicalObject">
                <Annotation Term="Common.FieldControl" EnumMember="Common.FieldControlType/Hidden"/>
                <Annotation Term="UI.Hidden"/>
            </Annotations>
            <Annotations Target="ZEAM_MALFUNCTION_MANAGE_SRV.ZC_TechnicalObjectForEditVHType/TechObjIsEquipOrFuncnlLoc">
                <Annotation Term="Common.FieldControl" EnumMember="Common.FieldControlType/Hidden"/>
                <Annotation Term="UI.Hidden"/>
            </Annotations>
            <Annotations Target="ZEAM_MALFUNCTION_MANAGE_SRV.ZC_TechnicalObjectForEditVHType/FunctionalLocationLabelName">
                <Annotation Term="Common.FieldControl" EnumMember="Common.FieldControlType/Hidden"/>
                <Annotation Term="UI.Hidden"/>
            </Annotations>
            <Annotations Target="ZEAM_MALFUNCTION_MANAGE_SRV.ZC_TechnicalObjectForEditVHType/Equipment">
                <Annotation Term="Common.FieldControl" EnumMember="Common.FieldControlType/Hidden"/>
                <Annotation Term="UI.Hidden"/>
            </Annotations>
            <Annotations Target="ZEAM_MALFUNCTION_MANAGE_SRV.ZC_TechnicalObjectForEditVHType/">
                <Annotation Term="Common.FieldControl" EnumMember="Common.FieldControlType/Hidden"/>
                <Annotation Term="UI.Hidden"/>
            </Annotations>
            <Annotations Target="ZEAM_MALFUNCTION_MANAGE_SRV.ZI_MaintenancePlannerGroupType">
                <Annotation Term="Communication.Contact">
                    <Record>
                        <PropertyValue Property="tel">
                            <Collection>
                                <Record>
                                    <PropertyValue Property="type" EnumMember="Communication.PhoneType/pref"/>
                                    <PropertyValue Property="uri" Path="MaintPlannerGroupPhoneNumber"/>
                                </Record>
                            </Collection>
                        </PropertyValue>
                        <PropertyValue Property="email">
                            <Collection>
                                <Record>
                                    <PropertyValue Property="address" Path="EmailAddress"/>
                                </Record>
                            </Collection>
                        </PropertyValue>
                    </Record>
                </Annotation>
            </Annotations>
            <Annotations Target="ZEAM_MALFUNCTION_MANAGE_SRV.ZC_MaintNotificationTPType/HierarchyNodeLevel">
                <Annotation Term="Common.FieldControl" EnumMember="Common.FieldControlType/Hidden"/>
                <Annotation Term="UI.Hidden"/>
                <Annotation Term="Common.FieldControl" EnumMember="Common.FieldControlType/Hidden"/>
                <Annotation Term="UI.Hidden"/>
            </Annotations>
            <Annotations Target="ZEAM_MALFUNCTION_MANAGE_SRV.ZC_MaintNotificationTPType/MaintNotifSourceApplication_fc">
                <Annotation Term="Common.FieldControl" EnumMember="Common.FieldControlType/Hidden"/>
                <Annotation Term="UI.Hidden"/>
            </Annotations>
            <Annotations Target="ZEAM_MALFUNCTION_MANAGE_SRV.ZC_MaintNotificationTPType/MaintenanceNotification">
                <Annotation Term="Common.SemanticObject" String="MaintenanceNotification"/>
                <Annotation Term="Common.SemanticObject" String="MaintenanceNotification"/>
            </Annotations>
            <Annotations Target="ZEAM_MALFUNCTION_MANAGE_SRV.ZC_MaintNotificationTPType/TechnicalObject">
                <Annotation Term="Common.SemanticObject" String="MaintenanceObject"/>
                <Annotation Term="Common.SemanticObject" String="MaintenanceObject"/>
            </Annotations>
            <Annotations Target="ZEAM_MALFUNCTION_MANAGE_SRV.ZC_MaintNotificationTPType/MaintenanceOrder">
                <Annotation Term="Common.SemanticObject" String="MaintenanceOrder"/>
                <Annotation Term="Common.SemanticObject" String="MaintenanceOrder"/>
            </Annotations>
            <Annotations Target="ZEAM_MALFUNCTION_MANAGE_SRV.ZC_MaintNotificationTPType">
                <Annotation Term="UI.HeaderInfo">
                    <Record>
                        <PropertyValue Property="TypeName" String="Maintenance Notification"/>
                        <PropertyValue Property="TypeNamePlural" String="Maintenance Notifications"/>
                        <PropertyValue Property="Title">
                            <Record Type="UI.DataField">
                                <PropertyValue Property="Value" Path="MaintenanceNotification"/>
                            </Record>
                        </PropertyValue>
                        <PropertyValue Property="Description">
                            <Record Type="UI.DataField">
                                <PropertyValue Property="Value" Path="NotificationText"/>
                            </Record>
                        </PropertyValue>
                    </Record>
                </Annotation>
                <Annotation Term="UI.Identification">
                    <Collection>
                        <Record Type="UI.DataField">
                            <PropertyValue Property="Value" Path="NotificationText"/>
                            <Annotation Term="UI.Importance" EnumMember="UI.ImportanceType/High"/>
                        </Record>
                        <Record Type="UI.DataField">
                            <PropertyValue Property="Value" Path="TechnicalObjectForEdit"/>
                            <Annotation Term="UI.Importance" EnumMember="UI.ImportanceType/High"/>
                        </Record>
                    </Collection>
                </Annotation>
                <Annotation Term="UI.LineItem">
                    <Collection>
                        <Record Type="UI.DataField">
                            <PropertyValue Property="Value" Path="NotificationText"/>
                            <Annotation Term="UI.Importance" EnumMember="UI.ImportanceType/High"/>
                        </Record>
                        <Record Type="UI.DataField">
                            <PropertyValue Property="Value" Path="TechnicalObjectForEdit"/>
                            <Annotation Term="UI.Importance" EnumMember="UI.ImportanceType/High"/>
                        </Record>
                    </Collection>
                </Annotation>
                <Annotation Term="UI.HeaderInfo">
                    <Record>
                        <PropertyValue Property="TypeName" String="Maintenance Notification"/>
                        <PropertyValue Property="TypeNamePlural" String="Maintenance Notifications"/>
                        <PropertyValue Property="Title">
                            <Record Type="UI.DataField">
                                <PropertyValue Property="Value" Path="MaintenanceNotification"/>
                            </Record>
                        </PropertyValue>
                        <PropertyValue Property="Description">
                            <Record Type="UI.DataField">
                                <PropertyValue Property="Value" Path="NotificationText"/>
                            </Record>
                        </PropertyValue>
                    </Record>
                </Annotation>
                <Annotation Term="UI.Identification">
                    <Collection>
                        <Record Type="UI.DataField">
                            <PropertyValue Property="Value" Path="NotificationText"/>
                            <Annotation Term="UI.Importance" EnumMember="UI.ImportanceType/High"/>
                        </Record>
                        <Record Type="UI.DataField">
                            <PropertyValue Property="Value" Path="TechnicalObjectForEdit"/>
                            <Annotation Term="UI.Importance" EnumMember="UI.ImportanceType/High"/>
                        </Record>
                    </Collection>
                </Annotation>
                <Annotation Term="UI.LineItem">
                    <Collection>
                        <Record Type="UI.DataField">
                            <PropertyValue Property="Value" Path="NotificationText"/>
                            <Annotation Term="UI.Importance" EnumMember="UI.ImportanceType/High"/>
                        </Record>
                        <Record Type="UI.DataField">
                            <PropertyValue Property="Value" Path="TechnicalObjectForEdit"/>
                            <Annotation Term="UI.Importance" EnumMember="UI.ImportanceType/High"/>
                        </Record>
                    </Collection>
                </Annotation>
            </Annotations>
            <Annotations Target="ZEAM_MALFUNCTION_MANAGE_SRV.ZI_TechnicalObjectType/WorkCenterInternalID">
                <Annotation Term="Common.FieldControl" EnumMember="Common.FieldControlType/Hidden"/>
                <Annotation Term="UI.Hidden"/>
            </Annotations>
            <Annotations Target="ZEAM_MALFUNCTION_MANAGE_SRV.ZI_TechnicalObjectType/WorkCenterTypeCode">
                <Annotation Term="Common.FieldControl" EnumMember="Common.FieldControlType/Hidden"/>
                <Annotation Term="UI.Hidden"/>
            </Annotations>
            <Annotations Target="ZEAM_MALFUNCTION_MANAGE_SRV.ZI_TechnicalObjectType/MaintObjectLocAcctAssgmtNmbr">
                <Annotation Term="Common.FieldControl" EnumMember="Common.FieldControlType/Hidden"/>
                <Annotation Term="UI.Hidden"/>
            </Annotations>
            <Annotations Target="ZEAM_MALFUNCTION_MANAGE_SRV.ZI_TechnicalObjectType/MaintObjectInternalID">
                <Annotation Term="Common.FieldControl" EnumMember="Common.FieldControlType/Hidden"/>
                <Annotation Term="UI.Hidden"/>
            </Annotations>
            <Annotations Target="ZEAM_MALFUNCTION_MANAGE_SRV.ZI_TechnicalObjectType/FuncLocStrucIdentifyingLevel">
                <Annotation Term="Common.FieldControl" EnumMember="Common.FieldControlType/Hidden"/>
                <Annotation Term="UI.Hidden"/>
            </Annotations>
            <Annotations Target="ZEAM_MALFUNCTION_MANAGE_SRV.ZI_TechnicalObjectType/FuncLocStruc2ndIdentifyingLvl">
                <Annotation Term="Common.FieldControl" EnumMember="Common.FieldControlType/Hidden"/>
                <Annotation Term="UI.Hidden"/>
            </Annotations>
            <Annotations Target="ZEAM_MALFUNCTION_MANAGE_SRV.ZI_TechnicalObjectType/TechObjIsEquipOrFuncnlLoc">
                <Annotation Term="Common.Text" Path="to_TechObjIsEquipOrFuncnlLoc/TechObjIsEquipOrFuncnlLoc_Text">
                    <Annotation Term="UI.TextArrangement" EnumMember="UI.TextArrangementType/TextOnly"/>
                </Annotation>
            </Annotations>
            <Annotations Target="ZEAM_MALFUNCTION_MANAGE_SRV.ZI_TechnicalObjectType">
                <Annotation Term="Communication.Contact">
                    <Record>
                        <PropertyValue Property="adr">
                            <Collection>
                                <Record>
                                    <PropertyValue Property="type" EnumMember="Communication.ContactInformationType/pref"/>
                                    <PropertyValue Property="country" Path="ManufacturerCountry"/>
                                </Record>
                            </Collection>
                        </PropertyValue>
                    </Record>
                </Annotation>
            </Annotations>
            <Annotations Target="ZEAM_MALFUNCTION_MANAGE_SRV.ZI_TechnicalObjectCategoryType/TechObjIsEquipOrFuncnlLoc"/>
            <Annotations Target="ZEAM_MALFUNCTION_MANAGE_SRV.ZC_MalfunctionreportType/NotificationText">
                <Annotation Term="Common.FieldControl" EnumMember="Common.FieldControlType/Hidden"/>
                <Annotation Term="UI.Hidden"/>
            </Annotations>
            <Annotations Target="ZEAM_MALFUNCTION_MANAGE_SRV.ZC_MalfunctionreportType/MaintNotifInternalID">
                <Annotation Term="Common.FieldControl" EnumMember="Common.FieldControlType/Hidden"/>
                <Annotation Term="UI.Hidden"/>
            </Annotations>
            <Annotations Target="ZEAM_MALFUNCTION_MANAGE_SRV.ZC_MalfunctionreportType/MaintenanceOrderDesc">
                <Annotation Term="Common.FieldControl" EnumMember="Common.FieldControlType/Hidden"/>
                <Annotation Term="UI.Hidden"/>
            </Annotations>
            <Annotations Target="ZEAM_MALFUNCTION_MANAGE_SRV.ZC_MalfunctionreportType/WorkCenterInternalID">
                <Annotation Term="Common.FieldControl" EnumMember="Common.FieldControlType/Hidden"/>
                <Annotation Term="UI.Hidden"/>
            </Annotations>
            <Annotations Target="ZEAM_MALFUNCTION_MANAGE_SRV.ZC_MalfunctionreportType/TechnicalObject">
                <Annotation Term="Common.FieldControl" EnumMember="Common.FieldControlType/Hidden"/>
                <Annotation Term="UI.Hidden"/>
            </Annotations>
            <Annotations Target="ZEAM_MALFUNCTION_MANAGE_SRV.ZC_MalfunctionreportType/TechObjIsEquipOrFuncnlLocDesc">
                <Annotation Term="Common.FieldControl" EnumMember="Common.FieldControlType/Hidden"/>
                <Annotation Term="UI.Hidden"/>
            </Annotations>
            <Annotations Target="ZEAM_MALFUNCTION_MANAGE_SRV.ZC_MalfunctionreportType/TechObjIsEquipOrFuncnlLoc">
                <Annotation Term="Common.FieldControl" EnumMember="Common.FieldControlType/Hidden"/>
                <Annotation Term="UI.Hidden"/>
            </Annotations>
            <Annotations Target="ZEAM_MALFUNCTION_MANAGE_SRV.ZC_MalfunctionreportType/Equipment">
                <Annotation Term="Common.FieldControl" EnumMember="Common.FieldControlType/Hidden"/>
                <Annotation Term="UI.Hidden"/>
            </Annotations>
            <Annotations Target="ZEAM_MALFUNCTION_MANAGE_SRV.ZC_MalfunctionreportType/FunctionalLocationLabelName">
                <Annotation Term="Common.FieldControl" EnumMember="Common.FieldControlType/Hidden"/>
                <Annotation Term="UI.Hidden"/>
            </Annotations>
            <Annotations Target="ZEAM_MALFUNCTION_MANAGE_SRV.ZC_MalfunctionreportType/MaintNotifSourceApplication">
                <Annotation Term="Common.FieldControl" EnumMember="Common.FieldControlType/Hidden"/>
                <Annotation Term="UI.Hidden"/>
            </Annotations>
            <Annotations Target="ZEAM_MALFUNCTION_MANAGE_SRV.ZC_MalfunctionreportType/NotificationTimeZone">
                <Annotation Term="Common.FieldControl" EnumMember="Common.FieldControlType/Hidden"/>
                <Annotation Term="UI.Hidden"/>
            </Annotations>
            <Annotations Target="ZEAM_MALFUNCTION_MANAGE_SRV.ZC_MalfunctionreportType/MaintenanceNotification">
                <Annotation Term="Common.SemanticObject" String="MaintenanceNotification"/>
            </Annotations>
            <Annotations Target="ZEAM_MALFUNCTION_MANAGE_SRV.ZC_MalfunctionreportType/MaintenanceOrder">
                <Annotation Term="Common.SemanticObject" String="MaintenanceOrder"/>
            </Annotations>
            <Annotations Target="ZEAM_MALFUNCTION_MANAGE_SRV.ZC_MalfunctionreportType/TechnicalObjectLabel">
                <Annotation Term="Common.SemanticObject" String="MaintenanceObject"/>
            </Annotations>
            <Annotations Target="ZEAM_MALFUNCTION_MANAGE_SRV.ZC_MalfunctionreportType/PersonResponsible"/>
            <Annotations Target="ZEAM_MALFUNCTION_MANAGE_SRV.ZC_MalfunctionreportType/CreatedByUser"/>
            <Annotations Target="ZEAM_MALFUNCTION_MANAGE_SRV.ZC_MalfunctionreportType/PersonInvolved"/>
            <Annotations Target="ZEAM_MALFUNCTION_MANAGE_SRV.ZC_MalfunctionreportType">
                <Annotation Term="UI.FieldGroup" Qualifier="MaintenanceNotification">
                    <Record>
                        <PropertyValue Property="Data">
                            <Collection>
                                <Record Type="UI.DataFieldWithIntentBasedNavigation">
                                    <PropertyValue Property="Label" String="Maintenance Notification"/>
                                    <PropertyValue Property="SemanticObject" String="MaintenanceNotification"/>
                                    <PropertyValue Property="Action" String="display"/>
                                    <PropertyValue Property="Value" Path="MaintenanceNotification"/>
                                    <Annotation Term="UI.Importance" EnumMember="UI.ImportanceType/High"/>
                                </Record>
                            </Collection>
                        </PropertyValue>
                    </Record>
                </Annotation>
                <Annotation Term="UI.HeaderInfo">
                    <Record>
                        <PropertyValue Property="TypeName" String="Malfunction Report"/>
                        <PropertyValue Property="TypeNamePlural" String="Malfunction Reports"/>
                        <PropertyValue Property="Title">
                            <Record Type="UI.DataField">
                                <PropertyValue Property="Value" Path="MaintenanceNotification"/>
                            </Record>
                        </PropertyValue>
                        <PropertyValue Property="Description">
                            <Record Type="UI.DataField">
                                <PropertyValue Property="Value" Path="NotificationText"/>
                            </Record>
                        </PropertyValue>
                    </Record>
                </Annotation>
                <Annotation Term="UI.LineItem">
                    <Collection>
                        <Record Type="UI.DataField">
                            <PropertyValue Property="Value" Path="MaintenanceNotification"/>
                            <Annotation Term="UI.Importance" EnumMember="UI.ImportanceType/High"/>
                        </Record>
                        <Record Type="UI.DataField">
                            <PropertyValue Property="Value" Path="PersonResponsible"/>
                            <Annotation Term="UI.Importance" EnumMember="UI.ImportanceType/High"/>
                        </Record>
                        <Record Type="UI.DataField">
                            <PropertyValue Property="Value" Path="NotificationDateTime"/>
                            <Annotation Term="UI.Importance" EnumMember="UI.ImportanceType/Medium"/>
                        </Record>
                        <Record Type="UI.DataField">
                            <PropertyValue Property="Value" Path="MaintPriority"/>
                            <Annotation Term="UI.Importance" EnumMember="UI.ImportanceType/High"/>
                        </Record>
                    </Collection>
                </Annotation>
            </Annotations>
            <Annotations Target="ZEAM_MALFUNCTION_MANAGE_SRV.ZC_MalfunctionReportWorkItemType/MaintenanceOrderInternalID">
                <Annotation Term="Common.FieldControl" EnumMember="Common.FieldControlType/Hidden"/>
                <Annotation Term="UI.Hidden"/>
            </Annotations>
            <Annotations Target="ZEAM_MALFUNCTION_MANAGE_SRV.ZC_MalfunctionReportWorkItemType/NotificationText">
                <Annotation Term="Common.FieldControl" EnumMember="Common.FieldControlType/Hidden"/>
                <Annotation Term="UI.Hidden"/>
            </Annotations>
            <Annotations Target="ZEAM_MALFUNCTION_MANAGE_SRV.ZC_MalfunctionReportWorkItemType/OperationWorkCenterInternalID">
                <Annotation Term="Common.FieldControl" EnumMember="Common.FieldControlType/Hidden"/>
                <Annotation Term="UI.Hidden"/>
            </Annotations>
            <Annotations Target="ZEAM_MALFUNCTION_MANAGE_SRV.ZC_MalfunctionReportWorkItemType/MaintOrderOperationInternalID">
                <Annotation Term="Common.FieldControl" EnumMember="Common.FieldControlType/Hidden"/>
                <Annotation Term="UI.Hidden"/>
            </Annotations>
            <Annotations Target="ZEAM_MALFUNCTION_MANAGE_SRV.ZC_MalfunctionReportWorkItemType/TechnicalObject">
                <Annotation Term="Common.FieldControl" EnumMember="Common.FieldControlType/Hidden"/>
                <Annotation Term="UI.Hidden"/>
            </Annotations>
            <Annotations Target="ZEAM_MALFUNCTION_MANAGE_SRV.ZC_MalfunctionReportWorkItemType/TechObjIsEquipOrFuncnlLoc">
                <Annotation Term="Common.FieldControl" EnumMember="Common.FieldControlType/Hidden"/>
                <Annotation Term="UI.Hidden"/>
            </Annotations>
            <Annotations Target="ZEAM_MALFUNCTION_MANAGE_SRV.ZC_MalfunctionReportWorkItemType/TechnicalObjectLabel">
                <Annotation Term="Common.SemanticObject" String="MaintenanceObject"/>
            </Annotations>
            <Annotations Target="ZEAM_MALFUNCTION_MANAGE_SRV.ZC_MalfunctionReportWorkItemType/MaintenanceNotification">
                <Annotation Term="Common.SemanticObject" String="MaintenanceNotification"/>
            </Annotations>
            <Annotations Target="ZEAM_MALFUNCTION_MANAGE_SRV.ZC_MalfunctionReportWorkItemType">
                <Annotation Term="UI.HeaderInfo">
                    <Record>
                        <PropertyValue Property="TypeName" String="Maintenance Job"/>
                        <PropertyValue Property="TypeNamePlural" String="Maintenance Jobs"/>
                        <PropertyValue Property="Title">
                            <Record Type="UI.DataField">
                                <PropertyValue Property="Value" Path="MaintenanceOrderOperation"/>
                            </Record>
                        </PropertyValue>
                        <PropertyValue Property="Description">
                            <Record Type="UI.DataField">
                                <PropertyValue Property="Value" Path="OperationDescription"/>
                            </Record>
                        </PropertyValue>
                    </Record>
                </Annotation>
                <Annotation Term="UI.LineItem">
                    <Collection>
                        <Record Type="UI.DataField">
                            <PropertyValue Property="Value" Path="MaintenanceNotification"/>
                            <Annotation Term="UI.Importance" EnumMember="UI.ImportanceType/High"/>
                        </Record>
                        <Record Type="UI.DataField">
                            <PropertyValue Property="Value" Path="MaintenanceOrderOperation"/>
                            <Annotation Term="UI.Importance" EnumMember="UI.ImportanceType/High"/>
                        </Record>
                        <Record Type="UI.DataField">
                            <PropertyValue Property="Value" Path="OperationPlannedWork"/>
                            <Annotation Term="UI.Importance" EnumMember="UI.ImportanceType/Low"/>
                        </Record>
                        <Record Type="UI.DataField">
                            <PropertyValue Property="Value" Path="TechnicalObjectLabel"/>
                        </Record>
                    </Collection>
                </Annotation>
                <Annotation Term="UI.SelectionFields">
                    <Collection>
                        <PropertyPath>TechnicalObjectLabel</PropertyPath>
                    </Collection>
                </Annotation>
            </Annotations>
        </Schema>
    </edmx:DataServices>
</edmx:Edmx>