<?xml version="1.0" encoding="utf-8"?>
<edmx:Edmx Version="4.0" xmlns:edmx="http://docs.oasis-open.org/odata/ns/edmx">
    <edmx:Reference Uri="../../catalogservice;v=2/Vocabularies(TechnicalName='%2FIWBEP%2FVOC_COMMON',Version='0001',SAP__Origin='RFC_PD2')/$value">
        <edmx:Include Namespace="com.sap.vocabularies.Common.v1" Alias="Common"/>
    </edmx:Reference>
    <edmx:Reference Uri="../../catalogservice;v=2/Vocabularies(TechnicalName='%2FIWBEP%2FVOC_UI',Version='0001',SAP__Origin='RFC_PD2')/$value">
        <edmx:Include Namespace="com.sap.vocabularies.UI.v1" Alias="UI"/>
    </edmx:Reference>
    <edmx:Reference Uri="../../catalogservice;v=2/Vocabularies(TechnicalName='%2FIWBEP%2FVOC_COMMUNICATION',Version='0001',SAP__Origin='RFC_PD2')/$value">
        <edmx:Include Namespace="com.sap.vocabularies.Communication.v1" Alias="Communication"/>
    </edmx:Reference>
    <edmx:Reference Uri="../../../sap/zeam_objpg_maintnotification_srv/$metadata">
        <edmx:Include Namespace="ZEAM_OBJPG_MAINTNOTIFICATION_SRV" Alias="SAP"/>
    </edmx:Reference>
    <edmx:DataServices>
        <Schema Namespace="zeam_objpg_maintnotific_anno_mdl.v1" xmlns="http://docs.oasis-open.org/odata/ns/edm">
            <Annotations Target="ZEAM_OBJPG_MAINTNOTIFICATION_SRV.ZC_ObjPgMaintNotificationType/MaintNotificationCode">
                <Annotation Term="UI.HiddenFilter"/>
            </Annotations>
            <Annotations Target="ZEAM_OBJPG_MAINTNOTIFICATION_SRV.ZC_ObjPgMaintNotificationType/MaintNotificationCodeGroup">
                <Annotation Term="UI.HiddenFilter"/>
            </Annotations>
            <Annotations Target="ZEAM_OBJPG_MAINTNOTIFICATION_SRV.ZC_ObjPgMaintNotificationType/MaintNotificationThumbnailURL">
                <Annotation Term="UI.HiddenFilter"/>
            </Annotations>
            <Annotations>
                <Annotation Term="UI.HiddenFilter"/>
                <Annotation Term="UI.HiddenFilter"/>
                <Annotation Term="UI.HiddenFilter"/>
                <Annotation Term="UI.HiddenFilter"/>
                <Annotation Term="UI.HiddenFilter"/>
                <Annotation Term="UI.HiddenFilter"/>
                <Annotation Term="UI.HiddenFilter"/>
                <Annotation Term="UI.HiddenFilter"/>
                <Annotation Term="UI.HiddenFilter"/>
                <Annotation Term="UI.HiddenFilter"/>
                <Annotation Term="UI.HiddenFilter"/>
                <Annotation Term="UI.HiddenFilter"/>
                <Annotation Term="UI.HiddenFilter"/>
                <Annotation Term="UI.HiddenFilter"/>
                <Annotation Term="UI.HiddenFilter"/>
                <Annotation Term="UI.HiddenFilter"/>
                <Annotation Term="UI.HiddenFilter"/>
            </Annotations>
            <Annotations Target="ZEAM_OBJPG_MAINTNOTIFICATION_SRV.ZC_ObjPgMaintNotificationType/to_ActiveSystemStatus">
                <Annotation Term="UI.HiddenFilter"/>
            </Annotations>
            <Annotations Target="ZEAM_OBJPG_MAINTNOTIFICATION_SRV.ZC_ObjPgMaintNotificationType/to_ActiveUserStatus">
                <Annotation Term="UI.HiddenFilter"/>
            </Annotations>
            <Annotations Target="ZEAM_OBJPG_MAINTNOTIFICATION_SRV.ZC_ObjPgMaintNotificationType/TechObjectWithLeadingZeros">
                <Annotation Term="Common.FieldControl" EnumMember="Common.FieldControlType/Hidden"/>
                <Annotation Term="UI.Hidden"/>
            </Annotations>
            <Annotations Target="ZEAM_OBJPG_MAINTNOTIFICATION_SRV.ZC_ObjPgMaintNotificationType/WorkCenterInternalID">
                <Annotation Term="Common.FieldControl" EnumMember="Common.FieldControlType/Hidden"/>
                <Annotation Term="UI.Hidden"/>
            </Annotations>
            <Annotations Target="ZEAM_OBJPG_MAINTNOTIFICATION_SRV.ZC_ObjPgMaintNotificationType/MaintNotifInternalID">
                <Annotation Term="Common.FieldControl" EnumMember="Common.FieldControlType/Hidden"/>
                <Annotation Term="UI.Hidden"/>
            </Annotations>
            <Annotations Target="ZEAM_OBJPG_MAINTNOTIFICATION_SRV.ZC_ObjPgMaintNotificationType/MaintenancePlanInternalID">
                <Annotation Term="Common.FieldControl" EnumMember="Common.FieldControlType/Hidden"/>
                <Annotation Term="UI.Hidden"/>
            </Annotations>
            <Annotations Target="ZEAM_OBJPG_MAINTNOTIFICATION_SRV.ZC_ObjPgMaintNotificationType/CostCenter">
                <Annotation Term="Common.FieldControl" EnumMember="Common.FieldControlType/Hidden"/>
                <Annotation Term="UI.Hidden"/>
            </Annotations>
            <Annotations Target="ZEAM_OBJPG_MAINTNOTIFICATION_SRV.ZC_ObjPgMaintNotificationType/ControllingArea">
                <Annotation Term="Common.FieldControl" EnumMember="Common.FieldControlType/Hidden"/>
                <Annotation Term="UI.Hidden"/>
            </Annotations>
            <Annotations Target="ZEAM_OBJPG_MAINTNOTIFICATION_SRV.ZC_ObjPgMaintNotificationType/MaintNotifWithLeadingZeros">
                <Annotation Term="Common.FieldControl" EnumMember="Common.FieldControlType/Hidden"/>
                <Annotation Term="UI.Hidden"/>
            </Annotations>
            <Annotations Target="ZEAM_OBJPG_MAINTNOTIFICATION_SRV.ZC_ObjPgMaintNotificationType/MaintNotificationCatalog">
                <Annotation Term="Common.FieldControl" EnumMember="Common.FieldControlType/Hidden"/>
                <Annotation Term="UI.Hidden"/>
            </Annotations>
            <Annotations Target="ZEAM_OBJPG_MAINTNOTIFICATION_SRV.ZC_ObjPgMaintNotificationType/InspectionCodeGroup">
                <Annotation Term="Common.FieldControl" EnumMember="Common.FieldControlType/Hidden"/>
                <Annotation Term="UI.Hidden"/>
            </Annotations>
            <Annotations Target="ZEAM_OBJPG_MAINTNOTIFICATION_SRV.ZC_ObjPgMaintNotificationType/InspectionCatalog">
                <Annotation Term="Common.FieldControl" EnumMember="Common.FieldControlType/Hidden"/>
                <Annotation Term="UI.Hidden"/>
            </Annotations>
            <Annotations Target="ZEAM_OBJPG_MAINTNOTIFICATION_SRV.ZC_ObjPgMaintNotificationType/MaintNotifRespPartnerFunction">
                <Annotation Term="Common.FieldControl" EnumMember="Common.FieldControlType/Hidden"/>
                <Annotation Term="UI.Hidden"/>
            </Annotations>
            <Annotations Target="ZEAM_OBJPG_MAINTNOTIFICATION_SRV.ZC_ObjPgMaintNotificationType/NotificationCategory">
                <Annotation Term="Common.FieldControl" EnumMember="Common.FieldControlType/Hidden"/>
                <Annotation Term="UI.Hidden"/>
            </Annotations>
            <Annotations Target="ZEAM_OBJPG_MAINTNOTIFICATION_SRV.ZC_ObjPgMaintNotificationType/NotificationHasLongText">
                <Annotation Term="Common.FieldControl" EnumMember="Common.FieldControlType/Hidden"/>
                <Annotation Term="UI.Hidden"/>
            </Annotations>
            <Annotations Target="ZEAM_OBJPG_MAINTNOTIFICATION_SRV.ZC_ObjPgMaintNotificationType/TechnicalObject">
                <Annotation Term="Common.FieldControl" EnumMember="Common.FieldControlType/Hidden"/>
                <Annotation Term="UI.Hidden"/>
            </Annotations>
            <Annotations Target="ZEAM_OBJPG_MAINTNOTIFICATION_SRV.ZC_ObjPgMaintNotificationType/StatusName">
                <Annotation Term="Common.FieldControl" EnumMember="Common.FieldControlType/Hidden"/>
                <Annotation Term="UI.Hidden"/>
            </Annotations>
            <Annotations Target="ZEAM_OBJPG_MAINTNOTIFICATION_SRV.ZC_ObjPgMaintNotificationType/MaintenanceNotification">
                <Annotation Term="Common.SemanticObject" String="MaintenanceNotification"/>
            </Annotations>
            <Annotations Target="ZEAM_OBJPG_MAINTNOTIFICATION_SRV.ZC_ObjPgMaintNotificationType/TechnicalObjectLabel">
                <Annotation Term="Common.SemanticObject" String="MaintenanceObject"/>
            </Annotations>
            <Annotations Target="ZEAM_OBJPG_MAINTNOTIFICATION_SRV.ZC_ObjPgMaintNotificationType/MaintenanceOrder">
                <Annotation Term="Common.SemanticObject" String="MaintenanceOrder"/>
            </Annotations>
            <Annotations Target="ZEAM_OBJPG_MAINTNOTIFICATION_SRV.ZC_ObjPgMaintNotificationType/Assembly">
                <Annotation Term="Common.SemanticObject" String="Material"/>
            </Annotations>
            <Annotations Target="ZEAM_OBJPG_MAINTNOTIFICATION_SRV.ZC_ObjPgMaintNotificationType/MaintenancePlan">
                <Annotation Term="Common.SemanticObject" String="MaintenancePlan"/>
            </Annotations>
            <Annotations Target="ZEAM_OBJPG_MAINTNOTIFICATION_SRV.ZC_ObjPgMaintNotificationType/PersonResponsible">
                <Annotation Term="Common.Text" Path="PersonResponsibleName">
                    <Annotation Term="UI.TextArrangement" EnumMember="UI.TextArrangementType/TextFirst"/>
                </Annotation>
            </Annotations>
            <Annotations Target="ZEAM_OBJPG_MAINTNOTIFICATION_SRV.ZC_ObjPgMaintNotificationType">
                <Annotation Term="UI.FieldGroup" Qualifier="Completion1">
                    <Record>
                        <PropertyValue Property="Data">
                            <Collection>
                                <Record Type="UI.DataField">
                                    <PropertyValue Property="Value" Path="NotificationCompletionDate"/>
                                    <Annotation Term="UI.Importance" EnumMember="UI.ImportanceType/High"/>
                                </Record>
                                <Record Type="UI.DataField">
                                    <PropertyValue Property="Value" Path="CompletionTime"/>
                                    <Annotation Term="UI.Importance" EnumMember="UI.ImportanceType/High"/>
                                </Record>
                            </Collection>
                        </PropertyValue>
                        <PropertyValue Property="Label" String="Completion Date and Time"/>
                    </Record>
                </Annotation>
                <Annotation Term="UI.FieldGroup" Qualifier="Completion2">
                    <Record>
                        <PropertyValue Property="Data">
                            <Collection>
                                <Record Type="UI.DataField">
                                    <PropertyValue Property="Value" Path="NotificationReferenceDate"/>
                                    <Annotation Term="UI.Importance" EnumMember="UI.ImportanceType/High"/>
                                </Record>
                                <Record Type="UI.DataField">
                                    <PropertyValue Property="Value" Path="NotificationReferenceTime"/>
                                    <Annotation Term="UI.Importance" EnumMember="UI.ImportanceType/High"/>
                                </Record>
                            </Collection>
                        </PropertyValue>
                        <PropertyValue Property="Label" String="Reference Date and Time"/>
                    </Record>
                </Annotation>
                <Annotation Term="UI.FieldGroup" Qualifier="Completion3">
                    <Record>
                        <PropertyValue Property="Data">
                            <Collection>
                                <Record Type="UI.DataField">
                                    <PropertyValue Property="Value" Path="InspectionDate"/>
                                    <Annotation Term="UI.Importance" EnumMember="UI.ImportanceType/High"/>
                                </Record>
                                <Record Type="UI.DataField">
                                    <PropertyValue Property="Value" Path="InspectedByUser"/>
                                    <Annotation Term="UI.Importance" EnumMember="UI.ImportanceType/High"/>
                                </Record>
                            </Collection>
                        </PropertyValue>
                        <PropertyValue Property="Label" String="Technical Inspection"/>
                    </Record>
                </Annotation>
                <Annotation Term="UI.FieldGroup" Qualifier="Dates">
                    <Record>
                        <PropertyValue Property="Data">
                            <Collection>
                                <Record Type="UI.DataField">
                                    <PropertyValue Property="Value" Path="RequiredStartDate"/>
                                </Record>
                                <Record Type="UI.DataField">
                                    <PropertyValue Property="Value" Path="RequiredStartTime"/>
                                </Record>
                                <Record Type="UI.DataField">
                                    <PropertyValue Property="Value" Path="RequiredEndDate"/>
                                </Record>
                                <Record Type="UI.DataField">
                                    <PropertyValue Property="Value" Path="RequiredEndTime"/>
                                </Record>
                                <Record Type="UI.DataField">
                                    <PropertyValue Property="Value" Path="MaintenanceRevision"/>
                                </Record>
                            </Collection>
                        </PropertyValue>
                        <PropertyValue Property="Label" String="Dates"/>
                    </Record>
                </Annotation>
                <Annotation Term="UI.FieldGroup" Qualifier="General">
                    <Record>
                        <PropertyValue Property="Data">
                            <Collection>
                                <Record Type="UI.DataField">
                                    <PropertyValue Property="Value" Path="NotificationType"/>
                                </Record>
                                <Record Type="UI.DataField">
                                    <PropertyValue Property="Value" Path="MaintenanceOrder"/>
                                </Record>
                                <Record Type="UI.DataField">
                                    <PropertyValue Property="Value" Path="CreationDate"/>
                                </Record>
                                <Record Type="UI.DataField">
                                    <PropertyValue Property="Value" Path="CreationTime"/>
                                </Record>
                                <Record Type="UI.DataField">
                                    <PropertyValue Property="Value" Path="MaintPriority"/>
                                    <Annotation Term="UI.Importance" EnumMember="UI.ImportanceType/High"/>
                                </Record>
                                <Record Type="UI.DataField">
                                    <PropertyValue Property="Value" Path="ReportedByUser"/>
                                </Record>
                                <Record Type="UI.DataField">
                                    <PropertyValue Property="Value" Path="CreatedByUser"/>
                                </Record>
                            </Collection>
                        </PropertyValue>
                        <PropertyValue Property="Label" String="General"/>
                    </Record>
                </Annotation>
                <Annotation Term="UI.FieldGroup" Qualifier="HeaderGeneral">
                    <Record>
                        <PropertyValue Property="Data">
                            <Collection>
                                <Record Type="UI.DataField">
                                    <PropertyValue Property="Value" Path="NotificationType"/>
                                </Record>
                                <Record Type="UI.DataField">
                                    <PropertyValue Property="Label" String="Maintenance Order"/>
                                    <PropertyValue Property="Value" Path="MaintenanceOrder"/>
                                    <Annotation Term="UI.Importance" EnumMember="UI.ImportanceType/High"/>
                                </Record>
                                <Record Type="UI.DataField">
                                    <PropertyValue Property="Value" Path="MaintPriority"/>
                                    <Annotation Term="UI.Importance" EnumMember="UI.ImportanceType/High"/>
                                </Record>
                                <Record Type="UI.DataField">
                                    <PropertyValue Property="Value" Path="MaintenanceObjectIsDown"/>
                                    <Annotation Term="UI.Importance" EnumMember="UI.ImportanceType/High"/>
                                </Record>
                            </Collection>
                        </PropertyValue>
                        <PropertyValue Property="Label" String="Priority"/>
                    </Record>
                </Annotation>
                <Annotation Term="UI.FieldGroup" Qualifier="HeaderOverview">
                    <Record>
                        <PropertyValue Property="Data">
                            <Collection>
                                <Record Type="UI.DataField">
                                    <PropertyValue Property="Value" Path="NumberOfMaintNotifItems"/>
                                    <Annotation Term="UI.Importance" EnumMember="UI.ImportanceType/High"/>
                                </Record>
                                <Record Type="UI.DataField">
                                    <PropertyValue Property="Value" Path="NumberOfMaintNotifTasks"/>
                                    <Annotation Term="UI.Importance" EnumMember="UI.ImportanceType/High"/>
                                </Record>
                            </Collection>
                        </PropertyValue>
                    </Record>
                </Annotation>
                <Annotation Term="UI.FieldGroup" Qualifier="HeaderReference">
                    <Record>
                        <PropertyValue Property="Data">
                            <Collection>
                                <Record Type="UI.DataField">
                                    <PropertyValue Property="Value" Path="TechnicalObjectLabel"/>
                                    <Annotation Term="UI.Importance" EnumMember="UI.ImportanceType/High"/>
                                </Record>
                                <Record Type="UI.DataField">
                                    <PropertyValue Property="Value" Path="TechObjIsEquipOrFuncnlLoc"/>
                                    <Annotation Term="UI.Importance" EnumMember="UI.ImportanceType/High"/>
                                </Record>
                                <Record Type="UI.DataField">
                                    <PropertyValue Property="Value" Path="Assembly"/>
                                    <Annotation Term="UI.Importance" EnumMember="UI.ImportanceType/High"/>
                                </Record>
                            </Collection>
                        </PropertyValue>
                    </Record>
                </Annotation>
                <Annotation Term="UI.FieldGroup" Qualifier="Info">
                    <Record>
                        <PropertyValue Property="Data">
                            <Collection>
                                <Record Type="UI.DataField">
                                    <PropertyValue Property="Value" Path="MaintNotificationCodeGroup"/>
                                </Record>
                                <Record Type="UI.DataField">
                                    <PropertyValue Property="Value" Path="MaintNotificationCode"/>
                                </Record>
                            </Collection>
                        </PropertyValue>
                    </Record>
                </Annotation>
                <Annotation Term="UI.FieldGroup" Qualifier="Location">
                    <Record>
                        <PropertyValue Property="Data">
                            <Collection>
                                <Record Type="UI.DataField">
                                    <PropertyValue Property="Value" Path="MaintenanceWorkCenterPlant"/>
                                </Record>
                                <Record Type="UI.DataField">
                                    <PropertyValue Property="Value" Path="ABCIndicator"/>
                                </Record>
                                <Record Type="UI.DataField">
                                    <PropertyValue Property="Value" Path="AssetLocation"/>
                                </Record>
                                <Record Type="UI.DataField">
                                    <PropertyValue Property="Value" Path="AssetRoom"/>
                                </Record>
                                <Record Type="UI.DataField">
                                    <PropertyValue Property="Value" Path="MaintenancePlant"/>
                                </Record>
                                <Record Type="UI.DataField">
                                    <PropertyValue Property="Value" Path="PlantSection"/>
                                </Record>
                                <Record Type="UI.DataField">
                                    <PropertyValue Property="Value" Path="MaintObjectFreeDefinedAttrib"/>
                                </Record>
                            </Collection>
                        </PropertyValue>
                        <PropertyValue Property="Label" String="Location data"/>
                    </Record>
                </Annotation>
                <Annotation Term="UI.FieldGroup" Qualifier="MaintPlanAndItem1">
                    <Record>
                        <PropertyValue Property="Data">
                            <Collection>
                                <Record Type="UI.DataField">
                                    <PropertyValue Property="Value" Path="MaintenancePlan"/>
                                    <Annotation Term="UI.Importance" EnumMember="UI.ImportanceType/High"/>
                                </Record>
                                <Record Type="UI.DataField">
                                    <PropertyValue Property="Value" Path="MaintenanceItem"/>
                                    <Annotation Term="UI.Importance" EnumMember="UI.ImportanceType/High"/>
                                </Record>
                            </Collection>
                        </PropertyValue>
                        <PropertyValue Property="Label" String="Maintenance Plan and Item"/>
                    </Record>
                </Annotation>
                <Annotation Term="UI.FieldGroup" Qualifier="MaintPlanAndItem2">
                    <Record>
                        <PropertyValue Property="Data">
                            <Collection>
                                <Record Type="UI.DataField">
                                    <PropertyValue Property="Value" Path="MaintenancePlanCategory"/>
                                    <Annotation Term="UI.Importance" EnumMember="UI.ImportanceType/High"/>
                                </Record>
                            </Collection>
                        </PropertyValue>
                        <PropertyValue Property="Label" String="Maintenance Item Category, Status and Cycle Start"/>
                    </Record>
                </Annotation>
                <Annotation Term="UI.FieldGroup" Qualifier="MaintPlanAndItem3">
                    <Record>
                        <PropertyValue Property="Data">
                            <Collection>
                                <Record Type="UI.DataField">
                                    <PropertyValue Property="Value" Path="LastSchedldMaintNotification"/>
                                    <Annotation Term="UI.Importance" EnumMember="UI.ImportanceType/High"/>
                                </Record>
                            </Collection>
                        </PropertyValue>
                    </Record>
                </Annotation>
                <Annotation Term="UI.FieldGroup" Qualifier="Malfunction1">
                    <Record>
                        <PropertyValue Property="Data">
                            <Collection>
                                <Record Type="UI.DataField">
                                    <PropertyValue Property="Value" Path="MalfunctionStartDate"/>
                                </Record>
                                <Record Type="UI.DataField">
                                    <PropertyValue Property="Value" Path="MalfunctionStartTime"/>
                                </Record>
                            </Collection>
                        </PropertyValue>
                        <PropertyValue Property="Label" String="Malfunction Start Date and Time"/>
                    </Record>
                </Annotation>
                <Annotation Term="UI.FieldGroup" Qualifier="Malfunction2">
                    <Record>
                        <PropertyValue Property="Data">
                            <Collection>
                                <Record Type="UI.DataField">
                                    <PropertyValue Property="Value" Path="MalfunctionEndDate"/>
                                </Record>
                                <Record Type="UI.DataField">
                                    <PropertyValue Property="Value" Path="MalfunctionEndTime"/>
                                </Record>
                            </Collection>
                        </PropertyValue>
                        <PropertyValue Property="Label" String="Malfunction End Date and Time"/>
                    </Record>
                </Annotation>
                <Annotation Term="UI.FieldGroup" Qualifier="Malfunction3">
                    <Record>
                        <PropertyValue Property="Data">
                            <Collection>
                                <Record Type="UI.DataField">
                                    <PropertyValue Property="Value" Path="MaintenanceObjectIsDown"/>
                                </Record>
                            </Collection>
                        </PropertyValue>
                        <PropertyValue Property="Label" String="Breakdown"/>
                    </Record>
                </Annotation>
                <Annotation Term="UI.FieldGroup" Qualifier="Reference">
                    <Record>
                        <PropertyValue Property="Data">
                            <Collection>
                                <Record Type="UI.DataField">
                                    <PropertyValue Property="Value" Path="TechnicalObjectLabel"/>
                                </Record>
                                <Record Type="UI.DataField">
                                    <PropertyValue Property="Value" Path="TechObjIsEquipOrFuncnlLoc"/>
                                </Record>
                                <Record Type="UI.DataField">
                                    <PropertyValue Property="Value" Path="Assembly"/>
                                </Record>
                            </Collection>
                        </PropertyValue>
                        <PropertyValue Property="Label" String="Reference Objects"/>
                    </Record>
                </Annotation>
                <Annotation Term="UI.FieldGroup" Qualifier="Responsibility">
                    <Record>
                        <PropertyValue Property="Data">
                            <Collection>
                                <Record Type="UI.DataField">
                                    <PropertyValue Property="Value" Path="MainWorkCenter"/>
                                    <Annotation Term="UI.Importance" EnumMember="UI.ImportanceType/High"/>
                                </Record>
                                <Record Type="UI.DataField">
                                    <PropertyValue Property="Value" Path="MainWorkCenterPlant"/>
                                    <Annotation Term="UI.Importance" EnumMember="UI.ImportanceType/High"/>
                                </Record>
                                <Record Type="UI.DataField">
                                    <PropertyValue Property="Value" Path="MaintenancePlanningPlant"/>
                                </Record>
                                <Record Type="UI.DataField">
                                    <PropertyValue Property="Value" Path="MaintenancePlannerGroup"/>
                                </Record>
                                <Record Type="UI.DataField">
                                    <PropertyValue Property="Value" Path="MaintenanceWorkCenter"/>
                                </Record>
                                <Record Type="UI.DataField">
                                    <PropertyValue Property="Value" Path="PersonResponsible"/>
                                </Record>
                            </Collection>
                        </PropertyValue>
                        <PropertyValue Property="Label" String="Responsibility"/>
                    </Record>
                </Annotation>
                <Annotation Term="UI.HeaderInfo">
                    <Record>
                        <PropertyValue Property="TypeName" String="Maintenance Notification"/>
                        <PropertyValue Property="TypeNamePlural" String="Maintenance Notifications"/>
                        <PropertyValue Property="ImageUrl" Path="MaintNotificationThumbnailURL"/>
                        <PropertyValue Property="Title">
                            <Record Type="UI.DataField">
                                <PropertyValue Property="Value" Path="MaintenanceNotification"/>
                            </Record>
                        </PropertyValue>
                        <PropertyValue Property="Description">
                            <Record Type="UI.DataField">
                                <PropertyValue Property="Value" Path="NotificationText"/>
                            </Record>
                        </PropertyValue>
                    </Record>
                </Annotation>
                <Annotation Term="UI.Identification">
                    <Collection>
                        <Record Type="UI.DataFieldForAction">
                            <PropertyValue Property="Label" String="Postpone"/>
                            <PropertyValue Property="Action" String="ERROR: Mandatory Value for Action not found"/>
                            <PropertyValue Property="InvocationGrouping" EnumMember="UI.OperationGroupingType/Isolated"/>
                            <Annotation Term="UI.Importance" EnumMember="UI.ImportanceType/High"/>
                        </Record>
                        <Record Type="UI.DataFieldForAction">
                            <PropertyValue Property="Label" String="Complete"/>
                            <PropertyValue Property="Action" String="ERROR: Mandatory Value for Action not found"/>
                            <PropertyValue Property="InvocationGrouping" EnumMember="UI.OperationGroupingType/Isolated"/>
                            <Annotation Term="UI.Importance" EnumMember="UI.ImportanceType/High"/>
                        </Record>
                        <Record Type="UI.DataFieldForAction">
                            <PropertyValue Property="Label" String="Put in Process"/>
                            <PropertyValue Property="Action" String="ERROR: Mandatory Value for Action not found"/>
                            <PropertyValue Property="InvocationGrouping" EnumMember="UI.OperationGroupingType/Isolated"/>
                            <Annotation Term="UI.Importance" EnumMember="UI.ImportanceType/High"/>
                        </Record>
                    </Collection>
                </Annotation>
                <Annotation Term="UI.LineItem">
                    <Collection>
                        <Record Type="UI.DataFieldForAction">
                            <PropertyValue Property="Label" String="Postpone"/>
                            <PropertyValue Property="Action" String="ERROR: Mandatory Value for Action not found"/>
                            <PropertyValue Property="InvocationGrouping" EnumMember="UI.OperationGroupingType/Isolated"/>
                            <Annotation Term="UI.Importance" EnumMember="UI.ImportanceType/High"/>
                        </Record>
                        <Record Type="UI.DataFieldForAction">
                            <PropertyValue Property="Label" String="Complete"/>
                            <PropertyValue Property="Action" String="ERROR: Mandatory Value for Action not found"/>
                            <PropertyValue Property="InvocationGrouping" EnumMember="UI.OperationGroupingType/Isolated"/>
                            <Annotation Term="UI.Importance" EnumMember="UI.ImportanceType/High"/>
                        </Record>
                        <Record Type="UI.DataFieldForAction">
                            <PropertyValue Property="Label" String="Put in Process"/>
                            <PropertyValue Property="Action" String="ERROR: Mandatory Value for Action not found"/>
                            <PropertyValue Property="InvocationGrouping" EnumMember="UI.OperationGroupingType/Isolated"/>
                            <Annotation Term="UI.Importance" EnumMember="UI.ImportanceType/High"/>
                        </Record>
                        <Record Type="UI.DataField">
                            <PropertyValue Property="Value" Path="MaintenanceNotification"/>
                            <Annotation Term="UI.Importance" EnumMember="UI.ImportanceType/High"/>
                        </Record>
                        <Record Type="UI.DataField">
                            <PropertyValue Property="Value" Path="NotificationType"/>
                            <Annotation Term="UI.Importance" EnumMember="UI.ImportanceType/High"/>
                        </Record>
                        <Record Type="UI.DataField">
                            <PropertyValue Property="Value" Path="TechnicalObjectLabel"/>
                            <Annotation Term="UI.Importance" EnumMember="UI.ImportanceType/High"/>
                        </Record>
                        <Record Type="UI.DataField">
                            <PropertyValue Property="Value" Path="RequiredStartDate"/>
                            <Annotation Term="UI.Importance" EnumMember="UI.ImportanceType/High"/>
                        </Record>
                        <Record Type="UI.DataField">
                            <PropertyValue Property="Value" Path="RequiredEndDate"/>
                            <Annotation Term="UI.Importance" EnumMember="UI.ImportanceType/High"/>
                        </Record>
                        <Record Type="UI.DataField">
                            <PropertyValue Property="Value" Path="MainWorkCenter"/>
                            <Annotation Term="UI.Importance" EnumMember="UI.ImportanceType/High"/>
                        </Record>
                        <Record Type="UI.DataField">
                            <PropertyValue Property="Value" Path="MainWorkCenterPlant"/>
                            <Annotation Term="UI.Importance" EnumMember="UI.ImportanceType/High"/>
                        </Record>
                        <Record Type="UI.DataField">
                            <PropertyValue Property="Value" Path="CreationDate"/>
                            <Annotation Term="UI.Importance" EnumMember="UI.ImportanceType/High"/>
                        </Record>
                        <Record Type="UI.DataField">
                            <PropertyValue Property="Value" Path="NotifProcessingPhase"/>
                            <Annotation Term="UI.Importance" EnumMember="UI.ImportanceType/High"/>
                        </Record>
                        <Record Type="UI.DataFieldForAnnotation">
                            <PropertyValue Property="Label" String="Contact Information (Created By)"/>
                            <PropertyValue Property="Value" String="Navigation property '_CreatedByUser' of annotation 'UI.LINEITEM' in proj./view 'ZC_ObjPgMaintNotification' not found"/>
                            <Annotation Term="UI.Importance" EnumMember="UI.ImportanceType/Low"/>
                        </Record>
                        <Record Type="UI.DataField">
                            <PropertyValue Property="Value" Path="MaintenanceOrder"/>
                            <Annotation Term="UI.Importance" EnumMember="UI.ImportanceType/High"/>
                        </Record>
                        <Record Type="UI.DataField">
                            <PropertyValue Property="Value" Path="MaintPriority"/>
                            <Annotation Term="UI.Importance" EnumMember="UI.ImportanceType/High"/>
                        </Record>
                        <Record Type="UI.DataFieldForAnnotation">
                            <PropertyValue Property="Label" String="Contact Information (Reported By)"/>
                            <PropertyValue Property="Value" String="Navigation property '_ReportedByUser' of annotation 'UI.LINEITEM' in proj./view 'ZC_ObjPgMaintNotification' not found"/>
                            <Annotation Term="UI.Importance" EnumMember="UI.ImportanceType/Low"/>
                        </Record>
                        <Record Type="UI.DataFieldForAnnotation">
                            <PropertyValue Property="Label" String="Contact Information (Person Responsible)"/>
                            <PropertyValue Property="Value" String="Navigation property '_PersonResponsible' of annotation 'UI.LINEITEM' in proj./view 'ZC_ObjPgMaintNotification' not found"/>
                            <Annotation Term="UI.Importance" EnumMember="UI.ImportanceType/Low"/>
                        </Record>
                    </Collection>
                </Annotation>
                <Annotation Term="UI.PresentationVariant">
                    <Record>
                        <PropertyValue Property="Text" String=""/>
                        <PropertyValue Property="RequestAtLeast">
                            <Collection>
                                <PropertyPath>NotificationType</PropertyPath>
                                <PropertyPath>TechObjIsEquipOrFuncnlLoc</PropertyPath>
                                <PropertyPath>TechnicalObject</PropertyPath>
                            </Collection>
                        </PropertyValue>
                    </Record>
                </Annotation>
                <Annotation Term="UI.SelectionFields">
                    <Collection>
                        <PropertyPath>MaintenanceNotification</PropertyPath>
                        <PropertyPath>NotificationType</PropertyPath>
                        <PropertyPath>RequiredStartDate</PropertyPath>
                        <PropertyPath>TechnicalObjectLabel</PropertyPath>
                        <PropertyPath>RequiredEndDate</PropertyPath>
                        <PropertyPath>MainWorkCenter</PropertyPath>
                        <PropertyPath>MainWorkCenterPlant</PropertyPath>
                        <PropertyPath>CreationDate</PropertyPath>
                        <PropertyPath>NotifProcessingPhase</PropertyPath>
                        <PropertyPath>CreatedByUser</PropertyPath>
                        <PropertyPath>MaintenanceOrder</PropertyPath>
                        <PropertyPath>MaintPriority</PropertyPath>
                        <PropertyPath>MaintenancePlanningPlant</PropertyPath>
                        <PropertyPath>PersonResponsible</PropertyPath>
                        <PropertyPath>MaintenanceObjectIsDown</PropertyPath>
                    </Collection>
                </Annotation>
            </Annotations>
        </Schema>
    </edmx:DataServices>
</edmx:Edmx>