<?xml version="1.0" encoding="utf-8"?>
<edmx:Edmx Version="1.0" xmlns:edmx="http://schemas.microsoft.com/ado/2007/06/edmx"
	xmlns:m="http://schemas.microsoft.com/ado/2007/08/dataservices/metadata" xmlns:sap="http://www.sap.com/Protocols/SAPData">
	<edmx:DataServices m:DataServiceVersion="2.0">
		<Schema Namespace="CV_ATTACHMENT_SRV" xml:lang="en" sap:schema-version="1" xmlns="http://schemas.microsoft.com/ado/2008/09/edm">
			<EntityType Name="DocumentHeader" sap:content-version="1">
				<Key>
					<PropertyRef Name="Documenttype"/>
					<PropertyRef Name="Documentnumber"/>
					<PropertyRef Name="Documentversion"/>
					<PropertyRef Name="Documentpart"/>
				</Key>
				<Property Name="Documenttype" Type="Edm.String" Nullable="false" MaxLength="3" sap:label="Document Type" sap:updatable="false"
					sap:sortable="false" sap:filterable="false"/>
				<Property Name="Documentnumber" Type="Edm.String" Nullable="false" MaxLength="25" sap:label="Document" sap:updatable="false"
					sap:sortable="false" sap:filterable="false"/>
				<Property Name="Documentversion" Type="Edm.String" Nullable="false" MaxLength="2" sap:label="Document Version" sap:updatable="false"
					sap:sortable="false" sap:filterable="false"/>
				<Property Name="Documentpart" Type="Edm.String" Nullable="false" MaxLength="3" sap:label="Document Part" sap:updatable="false"
					sap:sortable="false" sap:filterable="false"/>
				<Property Name="Description" Type="Edm.String" MaxLength="40" sap:label="Description" sap:sortable="false" sap:filterable="false"
					sap:semantics="description"/>
				<Property Name="Username" Type="Edm.String" Nullable="false" MaxLength="12" sap:label="User" sap:creatable="false" sap:updatable="false"
					sap:sortable="false" sap:filterable="false" sap:semantics="givenname"/>
				<Property Name="Statusextern" Type="Edm.String" MaxLength="2" sap:label="Status" sap:sortable="false" sap:filterable="false"
					sap:semantics="status"/>
				<Property Name="Statusintern" Type="Edm.String" MaxLength="2" sap:label="Document Status" sap:sortable="false" sap:filterable="false"/>
				<Property Name="Statuslog" Type="Edm.String" MaxLength="20" sap:label="Log Field" sap:sortable="false" sap:filterable="false"/>
				<Property Name="Laboratory" Type="Edm.String" MaxLength="3" sap:label="Lab or Office" sap:sortable="false" sap:filterable="false"/>
				<Property Name="Ecnumber" Type="Edm.String" MaxLength="12" sap:label="Change Number" sap:sortable="false" sap:filterable="false"/>
				<Property Name="Validfromdate" Type="Edm.DateTime" Precision="7" sap:label="Valid From" sap:sortable="false" sap:filterable="false"
					sap:semantics="dtstart"/>
				<Property Name="Revlevel" Type="Edm.String" MaxLength="2" sap:label="Revision Level" sap:sortable="false" sap:filterable="false"/>
				<Property Name="Deleteindicator" Type="Edm.String" MaxLength="1" sap:label="Deletion Indicator" sap:sortable="false" sap:filterable="false"/>
				<Property Name="Cadindicator" Type="Edm.String" MaxLength="1" sap:label="CAD Indicator" sap:sortable="false" sap:filterable="false"/>
				<Property Name="Structureindicator" Type="Edm.String" MaxLength="1" sap:label="Structure Indicator" sap:sortable="false"
					sap:filterable="false"/>
				<Property Name="Predocumentnumber" Type="Edm.String" MaxLength="25" sap:label="Document" sap:sortable="false" sap:filterable="false"/>
				<Property Name="Predocumentversion" Type="Edm.String" MaxLength="2" sap:label="Superior Document Version" sap:sortable="false"
					sap:filterable="false"/>
				<Property Name="Predocumentpart" Type="Edm.String" MaxLength="3" sap:label="Superior Document Part" sap:sortable="false"
					sap:filterable="false"/>
				<Property Name="Predocumenttype" Type="Edm.String" MaxLength="3" sap:label="Superior Document Type" sap:sortable="false"
					sap:filterable="false"/>
				<Property Name="Authoritygroup" Type="Edm.String" MaxLength="4" sap:label="Authorization Group" sap:sortable="false" sap:filterable="false"/>
				<Property Name="Createdate" Type="Edm.DateTime" Precision="7" sap:label="Output Date" sap:creatable="false" sap:sortable="false"
					sap:filterable="false" sap:semantics="dtstart"/>
				<Property Name="Refdocumentnumber" Type="Edm.String" MaxLength="25" sap:label="Source Document Number" sap:sortable="false"
					sap:filterable="false"/>
				<Property Name="Refdocumentpart" Type="Edm.String" MaxLength="3" sap:label="Source Document Part" sap:sortable="false"
					sap:filterable="false"/>
				<Property Name="Refdocumentversion" Type="Edm.String" MaxLength="2" sap:label="Source Document Version" sap:sortable="false"
					sap:filterable="false"/>
				<Property Name="Cmfixed" Type="Edm.String" MaxLength="1" sap:label="Fixed" sap:sortable="false" sap:filterable="false"/>
				<Property Name="Cmrelevance" Type="Edm.String" MaxLength="1" sap:label="CM Relevant" sap:sortable="false" sap:filterable="false"/>
				<NavigationProperty Name="Originals" Relationship="CV_ATTACHMENT_SRV.DocumentHeader_Originals" FromRole="FromRole_DocumentHeader_Originals"
					ToRole="ToRole_DocumentHeader_Originals"/>
				<NavigationProperty Name="ObjectLinks" Relationship="CV_ATTACHMENT_SRV.DocumentHeader_ObjectLinks"
					FromRole="FromRole_DocumentHeader_ObjectLinks" ToRole="ToRole_DocumentHeader_ObjectLinks" sap:label="Object Links"/>
			</EntityType>
			<EntityType Name="ObjectLinks" sap:content-version="1">
				<Key>
					<PropertyRef Name="Objecttype"/>
					<PropertyRef Name="Objectkey"/>
					<PropertyRef Name="Documenttype"/>
					<PropertyRef Name="Documentnumber"/>
					<PropertyRef Name="Documentversion"/>
					<PropertyRef Name="Documentpart"/>
				</Key>
				<Property Name="Objecttype" Type="Edm.String" Nullable="false" MaxLength="10" sap:label="Object" sap:sortable="false" sap:filterable="false"/>
				<Property Name="Objectkey" Type="Edm.String" Nullable="false" MaxLength="90" sap:label="Object Key" sap:sortable="false"
					sap:filterable="false"/>
				<Property Name="Documentdirection" Type="Edm.String" MaxLength="1" sap:label="Active" sap:creatable="false" sap:updatable="false"
					sap:sortable="false" sap:filterable="false"/>
				<Property Name="Objectdescription" Type="Edm.String" MaxLength="40" sap:label="Object Text" sap:creatable="false" sap:updatable="false"
					sap:sortable="false" sap:filterable="false"/>
				<Property Name="Objectlinkid" Type="Edm.String" MaxLength="32" sap:label="DMS: GUID for Allocating Long Text" sap:creatable="false"
					sap:updatable="false" sap:sortable="false" sap:filterable="false"/>
				<Property Name="Addobjecttype" Type="Edm.String" MaxLength="30" sap:label="Table" sap:creatable="false" sap:updatable="false"
					sap:sortable="false" sap:filterable="false"/>
				<Property Name="Addobjectkey" Type="Edm.String" MaxLength="50" sap:label="Object Key" sap:creatable="false" sap:updatable="false"
					sap:sortable="false" sap:filterable="false"/>
				<Property Name="CadPos" Type="Edm.String" MaxLength="1" sap:label="CAD" sap:creatable="false" sap:updatable="false" sap:sortable="false"
					sap:filterable="false"/>
				<Property Name="Documenttype" Type="Edm.String" Nullable="false" MaxLength="3" sap:label="Document Type" sap:sortable="false"
					sap:filterable="false"/>
				<Property Name="Documentnumber" Type="Edm.String" Nullable="false" MaxLength="25" sap:label="Document" sap:sortable="false"
					sap:filterable="false"/>
				<Property Name="Documentversion" Type="Edm.String" Nullable="false" MaxLength="2" sap:label="Document Version" sap:sortable="false"
					sap:filterable="false"/>
				<Property Name="Documentpart" Type="Edm.String" Nullable="false" MaxLength="3" sap:label="Document Part" sap:sortable="false"
					sap:filterable="false"/>
				<Property Name="TabIndex" Type="Edm.Int32" sap:label="Table Index" sap:creatable="false" sap:updatable="false" sap:sortable="false"
					sap:filterable="false"/>
			</EntityType>
			<EntityType Name="Originals" sap:content-version="1">
				<Key>
					<PropertyRef Name="Documenttype"/>
					<PropertyRef Name="Documentnumber"/>
					<PropertyRef Name="Documentpart"/>
					<PropertyRef Name="Documentversion"/>
					<PropertyRef Name="ApplicationId"/>
					<PropertyRef Name="FileId"/>
				</Key>
				<Property Name="Deletevalue" Type="Edm.String" MaxLength="1" sap:label="Deletion Indicator" sap:creatable="false" sap:sortable="false"
					sap:filterable="false" sap:semantics="parameters"/>
				<Property Name="Documenttype" Type="Edm.String" Nullable="false" MaxLength="3" sap:label="Document Type" sap:updatable="false"
					sap:sortable="false" sap:filterable="false"/>
				<Property Name="Documentnumber" Type="Edm.String" Nullable="false" MaxLength="25" sap:label="Document Number" sap:updatable="false"
					sap:sortable="false" sap:filterable="false"/>
				<Property Name="Documentpart" Type="Edm.String" Nullable="false" MaxLength="3" sap:label="Document Part" sap:updatable="false"
					sap:sortable="false" sap:filterable="false"/>
				<Property Name="Documentversion" Type="Edm.String" Nullable="false" MaxLength="2" sap:label="Document Version" sap:updatable="false"
					sap:sortable="false" sap:filterable="false"/>
				<Property Name="Originaltype" Type="Edm.String" MaxLength="5" sap:label="Original Type" sap:updatable="false" sap:sortable="false"
					sap:filterable="false"/>
				<Property Name="Sourcedatacarrier" Type="Edm.String" MaxLength="10" sap:label="Source Data Carrier" sap:creatable="false"
					sap:updatable="false" sap:sortable="false" sap:filterable="false"/>
				<Property Name="Storagecategory" Type="Edm.String" Nullable="false" MaxLength="10" sap:label="Storage Category" sap:updatable="false"
					sap:sortable="false" sap:filterable="false"/>
				<Property Name="Wsapplication" Type="Edm.String" MaxLength="3" sap:label="Application" sap:updatable="false" sap:filterable="false"/>
				<Property Name="Docpath" Type="Edm.String" MaxLength="255" sap:label="Path" sap:sortable="false" sap:filterable="false"/>
				<Property Name="Docfile" Type="Edm.String" Nullable="false" MaxLength="255" sap:label="Original"/>
				<Property Name="Statuslog" Type="Edm.String" MaxLength="20" sap:label="Log Field" sap:sortable="false" sap:filterable="false"/>
				<Property Name="ApplicationId" Type="Edm.String" Nullable="false" MaxLength="32" sap:label="Application ID" sap:creatable="false"
					sap:updatable="false" sap:sortable="false" sap:filterable="false"/>
				<Property Name="FileId" Type="Edm.String" Nullable="false" MaxLength="32" sap:label="File ID" sap:creatable="false" sap:updatable="false"
					sap:sortable="false" sap:filterable="false"/>
				<Property Name="Language" Type="Edm.String" MaxLength="1" sap:label="Language" sap:sortable="false" sap:filterable="false"/>
				<Property Name="Description" Type="Edm.String" MaxLength="40" sap:label="Description" sap:sortable="false" sap:filterable="false"/>
				<Property Name="Checkedin" Type="Edm.String" MaxLength="1" sap:label="Checked In" sap:creatable="false" sap:updatable="false"
					sap:sortable="false" sap:filterable="false"/>
				<Property Name="ActiveVersion" Type="Edm.String" MaxLength="1" sap:label="Active Version" sap:sortable="false"/>
				<Property Name="CreatedAt" Type="Edm.String" MaxLength="19" sap:display-format="Date" sap:label="Created At" sap:creatable="false"
					sap:updatable="false" sap:semantics="dtstart"/>
				<Property Name="ChangedAt" Type="Edm.String" MaxLength="19" sap:display-format="Date" sap:label="Changed At" sap:creatable="false"
					sap:updatable="false" sap:sortable="false" sap:filterable="false" sap:semantics="dtstart"/>
				<Property Name="CreatedBy" Type="Edm.String" Nullable="false" MaxLength="12" sap:label="Created By" sap:creatable="false"
					sap:updatable="false" sap:semantics="name"/>
				<Property Name="ChangedBy" Type="Edm.String" MaxLength="12" sap:label="Changed By" sap:creatable="false" sap:updatable="false"
					sap:sortable="false" sap:filterable="false" sap:semantics="name"/>
				<Property Name="ContentDescription" Type="Edm.String" MaxLength="50" sap:label="Content Description" sap:sortable="false"
					sap:filterable="false"/>
				<Property Name="Filesize" Type="Edm.String" MaxLength="12" sap:label="File Size of Original" sap:creatable="false" sap:updatable="false"/>
				<Property Name="MarkupExists" Type="Edm.String" MaxLength="1" sap:label="Markup Exists" sap:creatable="false" sap:updatable="false"
					sap:sortable="false" sap:filterable="false"/>
				<Property Name="CheckedinImage" Type="Edm.String" sap:label="Checked-in Image" sap:creatable="false" sap:updatable="false"
					sap:sortable="false" sap:filterable="false"/>
				<Property Name="CheckoutUser" Type="Edm.String" MaxLength="12" sap:label="Checkout User" sap:creatable="false" sap:updatable="false"
					sap:sortable="false" sap:filterable="false"/>
				<Property Name="PhioNewVersion" Type="Edm.String" MaxLength="1" sap:label="True" sap:updatable="false" sap:sortable="false"
					sap:filterable="false"/>
				<Property Name="ActiveImage" Type="Edm.String" sap:label="Active Image" sap:creatable="false" sap:updatable="false" sap:sortable="false"
					sap:filterable="false"/>
				<NavigationProperty Name="OriginalContent" Relationship="CV_ATTACHMENT_SRV.Originals_OriginalContent"
					FromRole="FromRole_Originals_OriginalContent" ToRole="ToRole_Originals_OriginalContent" sap:label="Original Content"/>
			</EntityType>
			<EntityType Name="OriginalContent" m:HasStream="true" sap:content-version="1">
				<Key>
					<PropertyRef Name="Documenttype"/>
					<PropertyRef Name="Documentnumber"/>
					<PropertyRef Name="Documentpart"/>
					<PropertyRef Name="Documentversion"/>
					<PropertyRef Name="ApplicationId"/>
					<PropertyRef Name="FileId"/>
				</Key>
				<Property Name="Documenttype" Type="Edm.String" Nullable="false" MaxLength="3" sap:label="Document Type" sap:creatable="false"
					sap:updatable="false" sap:sortable="false" sap:filterable="false"/>
				<Property Name="Documentnumber" Type="Edm.String" Nullable="false" MaxLength="25" sap:label="Document" sap:creatable="false"
					sap:updatable="false" sap:sortable="false" sap:filterable="false"/>
				<Property Name="Documentpart" Type="Edm.String" Nullable="false" MaxLength="3" sap:label="Document Part" sap:creatable="false"
					sap:updatable="false" sap:sortable="false" sap:filterable="false"/>
				<Property Name="Documentversion" Type="Edm.String" Nullable="false" MaxLength="2" sap:label="Document Version" sap:creatable="false"
					sap:updatable="false" sap:sortable="false" sap:filterable="false"/>
				<Property Name="ApplicationId" Type="Edm.String" Nullable="false" MaxLength="32" sap:label="Application ID" sap:creatable="false"
					sap:updatable="false" sap:sortable="false" sap:filterable="false"/>
				<Property Name="FileId" Type="Edm.String" Nullable="false" MaxLength="32" sap:label="File ID" sap:creatable="false" sap:updatable="false"
					sap:sortable="false" sap:filterable="false"/>
				<Property Name="Wsapplication" Type="Edm.String" MaxLength="3" sap:label="Application" sap:creatable="false" sap:updatable="false"
					sap:sortable="false"/>
				<Property Name="MarkForDeletion" Type="Edm.Boolean" sap:label="Mark for Deletion" sap:creatable="false" sap:sortable="false"
					sap:filterable="false"/>
				<Property Name="Filesize" Type="Edm.String" MaxLength="12" sap:label="File Size" sap:creatable="false" sap:updatable="false"/>
				<Property Name="Filename" Type="Edm.String" MaxLength="255" sap:label="File Name" sap:creatable="false" sap:updatable="false"/>
				<Property Name="ContentSource" Type="Edm.String" MaxLength="4096" sap:label="Media Source URI" sap:creatable="false" sap:updatable="false"
					sap:sortable="false" sap:filterable="false"/>
				<Property Name="ContentType" Type="Edm.String" MaxLength="128" sap:label="Content Type" sap:updatable="false" sap:filterable="false"/>
				<Property Name="Content" Type="Edm.Binary" sap:label="Content of Media Source" sap:updatable="false" sap:sortable="false"
					sap:filterable="false"/>
				<Property Name="CreatedBy" Type="Edm.String" MaxLength="12" sap:label="Created By" sap:creatable="false" sap:updatable="false"
					sap:semantics="name"/>
				<Property Name="FirstName" Type="Edm.String" MaxLength="25" sap:label="First Name" sap:creatable="false" sap:updatable="false"
					sap:sortable="false" sap:filterable="false" sap:semantics="givenname"/>
				<Property Name="LastName" Type="Edm.String" MaxLength="25" sap:label="Last Name" sap:creatable="false" sap:updatable="false"
					sap:sortable="false" sap:filterable="false" sap:semantics="familyname"/>
				<Property Name="FullName" Type="Edm.String" MaxLength="82" sap:label="Full Name" sap:creatable="false" sap:updatable="false"
					sap:sortable="false" sap:filterable="false" sap:semantics="name"/>
				<Property Name="Department" Type="Edm.String" MaxLength="40" sap:label="Department" sap:creatable="false" sap:updatable="false"
					sap:sortable="false" sap:filterable="false"/>
				<Property Name="CreatedAt" Type="Edm.DateTime" Precision="7" sap:display-format="Date" sap:label="Created At" sap:creatable="false"
					sap:updatable="false" sap:filterable="false" sap:semantics="dtstart"/>
				<Property Name="Storagecategory" Type="Edm.String" MaxLength="10" sap:label="Storage Category" sap:creatable="false" sap:sortable="false"
					sap:filterable="false"/>
				<Property Name="ActionRename" Type="Edm.String" MaxLength="15" sap:field-control="UxFCRename" sap:label="Rename Action"
					sap:creatable="false" sap:updatable="false" sap:sortable="false" sap:filterable="false"/>
				<Property Name="ActionDelete" Type="Edm.String" MaxLength="15" sap:field-control="UxFCDelete" sap:label="Delete Action"
					sap:creatable="false" sap:updatable="false" sap:sortable="false" sap:filterable="false"/>
				<Property Name="ActionAdd" Type="Edm.String" MaxLength="15" sap:field-control="UxFCAdd" sap:label="Add Action" sap:creatable="false"
					sap:updatable="false" sap:sortable="false" sap:filterable="false"/>
				<Property Name="UxFCRename" Type="Edm.Byte" sap:label="Rename FieldControl" sap:creatable="false" sap:updatable="false" sap:sortable="false"
					sap:filterable="false"/>
				<Property Name="UxFCDelete" Type="Edm.Byte" sap:label="Delete FieldControl" sap:creatable="false" sap:updatable="false" sap:sortable="false"
					sap:filterable="false"/>
				<Property Name="UxFCAdd" Type="Edm.Byte" sap:label="Add FieldControl" sap:creatable="false" sap:updatable="false" sap:sortable="false"
					sap:filterable="false"/>
				<Property Name="AttachmentStatus" Type="Edm.String" MaxLength="15" sap:label="AttachmentStatus" sap:creatable="false" sap:updatable="false"
					sap:sortable="false" sap:filterable="false"/>
				<Property Name="CheckedInStatus" Type="Edm.Boolean" sap:label="CheckedIn Status" sap:creatable="false" sap:updatable="false"
					sap:sortable="false" sap:filterable="false"/>
				<Property Name="ChangedAt" Type="Edm.DateTime" Precision="7" sap:label="Changed At" sap:creatable="false" sap:updatable="false"
					sap:sortable="false" sap:filterable="false" sap:semantics="dtstart"/>
				<Property Name="ChangedBy" Type="Edm.String" MaxLength="12" sap:label="Changed By" sap:creatable="false" sap:updatable="false"
					sap:sortable="false" sap:filterable="false" sap:semantics="name"/>
				<Property Name="ChangedByFullName" Type="Edm.String" MaxLength="82" sap:label="Changed By Full Name" sap:creatable="false"
					sap:updatable="false" sap:sortable="false" sap:filterable="false" sap:semantics="name"/>
				<Property Name="Source" Type="Edm.String" MaxLength="20" sap:label="Source" sap:creatable="false" sap:updatable="false" sap:sortable="false"
					sap:filterable="false"/>
				<Property Name="SecureAccessToken" Type="Edm.String" MaxLength="128" sap:label="Secure Access Token" sap:creatable="false"
					sap:updatable="false" sap:sortable="false" sap:filterable="false"/>
			</EntityType>
			<EntityType Name="OriginalContentArchiveLink" m:HasStream="true" sap:content-version="1">
				<Key>
					<PropertyRef Name="ArchiveDocumentID"/>
					<PropertyRef Name="ArchiveRepositoryID"/>
				</Key>
				<Property Name="ArchiveDocumentID" Type="Edm.String" Nullable="false" MaxLength="40" sap:label="Archive Link Document ID"
					sap:creatable="false" sap:updatable="false" sap:sortable="false" sap:filterable="false"/>
				<Property Name="ArchiveRepositoryID" Type="Edm.String" Nullable="false" MaxLength="40" sap:label="Archive Repository ID"
					sap:creatable="false" sap:updatable="false" sap:filterable="false"/>
				<Property Name="CreatedAt" Type="Edm.DateTime" Precision="0" sap:display-format="Date" sap:label="Created At" sap:creatable="false"
					sap:updatable="false" sap:filterable="false" sap:semantics="dtstart"/>
				<Property Name="Content" Type="Edm.Binary" sap:label="Content of Media Source" sap:updatable="false" sap:sortable="false"
					sap:filterable="false"/>
				<Property Name="ContentSource" Type="Edm.String" sap:label="Media Source URI" sap:creatable="false" sap:updatable="false"
					sap:sortable="false" sap:filterable="false"/>
				<Property Name="ContentType" Type="Edm.String" MaxLength="128" sap:label="Content Type" sap:updatable="false" sap:filterable="false"/>
				<Property Name="Filename" Type="Edm.String" MaxLength="255" sap:label="File Name" sap:creatable="false" sap:updatable="false"/>
				<Property Name="Filesize" Type="Edm.String" MaxLength="12" sap:label="File Size" sap:creatable="false" sap:updatable="false"/>
				<Property Name="CreatedBy" Type="Edm.String" MaxLength="12" sap:label="Created By" sap:creatable="false" sap:updatable="false"
					sap:semantics="name"/>
				<Property Name="FirstName" Type="Edm.String" MaxLength="25" sap:label="First Name" sap:creatable="false" sap:updatable="false"
					sap:sortable="false" sap:filterable="false" sap:semantics="givenname"/>
				<Property Name="LastName" Type="Edm.String" MaxLength="25" sap:label="Last Name" sap:creatable="false" sap:updatable="false"
					sap:sortable="false" sap:filterable="false" sap:semantics="familyname"/>
				<Property Name="FullName" Type="Edm.String" MaxLength="82" sap:label="Full Name" sap:creatable="false" sap:updatable="false"
					sap:sortable="false" sap:filterable="false" sap:semantics="name"/>
				<Property Name="Source" Type="Edm.String" MaxLength="20" sap:label="Source" sap:creatable="false" sap:updatable="false" sap:sortable="false"
					sap:filterable="false"/>
			</EntityType>
			<EntityType Name="DocumentHeaderDraft" sap:label="DocumentHeaderDraft" sap:content-version="1">
				<Key>
					<PropertyRef Name="DraftUUID"/>
					<PropertyRef Name="DocumentInfoRecordDocType"/>
					<PropertyRef Name="DocumentInfoRecordDocNumber"/>
					<PropertyRef Name="DocumentInfoRecordDocVersion"/>
					<PropertyRef Name="DocumentInfoRecordDocPart"/>
				</Key>
				<Property Name="DraftUUID" Type="Edm.Guid" Nullable="false" sap:label="Draft UUID" sap:updatable="false" sap:sortable="false"
					sap:filterable="false"/>
				<Property Name="DocumentInfoRecordDocType" Type="Edm.String" Nullable="false" MaxLength="3" sap:label="DocumentInfoRecordDocType"
					sap:updatable="false" sap:sortable="false" sap:filterable="false"/>
				<Property Name="DocumentInfoRecordDocNumber" Type="Edm.String" Nullable="false" MaxLength="25" sap:label="DocumentInfoRecordDocNumber"
					sap:updatable="false" sap:sortable="false" sap:filterable="false"/>
				<Property Name="DocumentInfoRecordDocVersion" Type="Edm.String" Nullable="false" MaxLength="2" sap:label="DocumentInfoRecordDocVersion"
					sap:updatable="false" sap:sortable="false" sap:filterable="false"/>
				<Property Name="DocumentInfoRecordDocPart" Type="Edm.String" Nullable="false" MaxLength="3" sap:label="DocumentInfoRecordDocPart"
					sap:updatable="false" sap:sortable="false" sap:filterable="false"/>
				<Property Name="DocumentDescription" Type="Edm.String" MaxLength="40" sap:label="DocumentDescription" sap:sortable="false"
					sap:filterable="false" sap:semantics="description"/>
				<Property Name="CreatedByuser" Type="Edm.String" Nullable="false" MaxLength="12" sap:label="ResponsiblePersonName" sap:creatable="false"
					sap:updatable="false" sap:sortable="false" sap:filterable="false" sap:semantics="givenname"/>
				<Property Name="CreationDateTime" Type="Edm.DateTime" Precision="7" sap:label="CreationDateTime" sap:creatable="false" sap:updatable="false"
					sap:filterable="false"/>
				<Property Name="DocInfoRecdIsMarkedForDeletion" Type="Edm.Boolean" sap:label="DocInfoRecdIsMarkedForDeletion" sap:sortable="false"
					sap:filterable="false"/>
				<Property Name="IsDocInfoRecdCreatedFromCAD" Type="Edm.Boolean" sap:label="IsDocInfoRecdCreatedFromCAD" sap:sortable="false"
					sap:filterable="false"/>
				<Property Name="IsDocInfoRecdStructure" Type="Edm.Boolean" sap:label="IsDocInfoRecdStructure" sap:sortable="false" sap:filterable="false"/>
				<Property Name="InternalDocumentStatus" Type="Edm.String" MaxLength="2" sap:label="InternalDocumentStatus" sap:sortable="false"
					sap:filterable="false"/>
				<Property Name="AuthorizationGroup" Type="Edm.String" MaxLength="4" sap:label="AuthorizationGroup" sap:sortable="false"
					sap:filterable="false"/>
				<Property Name="LastChangedByUser" Type="Edm.String" MaxLength="12" sap:label="LastChangedByUser" sap:creatable="false"
					sap:updatable="false" sap:filterable="false"/>
				<Property Name="ChangedDateTime" Type="Edm.DateTime" Precision="7" sap:label="ChangedDateTime" sap:creatable="false" sap:updatable="false"
					sap:filterable="false"/>
				<Property Name="LaboratoryOrDesignOffice" Type="Edm.String" MaxLength="3" sap:label="LaboratoryOrDesignOffice" sap:sortable="false"
					sap:filterable="false"/>
				<Property Name="DocInfoRecdSourceDocNumber" Type="Edm.String" MaxLength="25" sap:label="DocInfoRecdSourceDocNumber" sap:sortable="false"
					sap:filterable="false"/>
				<Property Name="DocInfoRecdSourceDocVersion" Type="Edm.String" MaxLength="2" sap:label="DocInfoRecdSourceDocVersion" sap:sortable="false"
					sap:filterable="false"/>
				<Property Name="DocInfoRecdSourceDocPart" Type="Edm.String" MaxLength="3" sap:label="DocInfoRecdSourceDocPart" sap:sortable="false"
					sap:filterable="false"/>
			</EntityType>
			<EntityType Name="ObjectLinkDraft" sap:content-version="1">
				<Key>
					<PropertyRef Name="LinkedSAPObject"/>
					<PropertyRef Name="LinkedSAPObjectKey"/>
					<PropertyRef Name="DocumentInfoRecordDocType"/>
					<PropertyRef Name="DocumentInfoRecordDocNumber"/>
					<PropertyRef Name="DocumentInfoRecordDocVersion"/>
					<PropertyRef Name="DocumentInfoRecordDocPart"/>
					<PropertyRef Name="DraftUUID"/>
				</Key>
				<Property Name="DocInfoRecdIsMarkedForDeletion" Type="Edm.Boolean" sap:label="DocInfoRecdIsMarkedForDeletion" sap:creatable="false"
					sap:sortable="false" sap:filterable="false" sap:semantics="parameters"/>
				<Property Name="LinkedSAPObject" Type="Edm.String" Nullable="false" MaxLength="10" sap:label="LinkedSAPObject" sap:sortable="false"
					sap:filterable="false"/>
				<Property Name="LinkedSAPObjectKey" Type="Edm.String" Nullable="false" MaxLength="90" sap:label="LinkedSAPObjectKey" sap:sortable="false"
					sap:filterable="false"/>
				<Property Name="DocLinkDirectionIsActive" Type="Edm.Boolean" sap:label="DocLinkDirectionIsActive" sap:creatable="false"
					sap:updatable="false" sap:sortable="false" sap:filterable="false"/>
				<Property Name="ObjectDescription" Type="Edm.String" MaxLength="40" sap:label="ObjectDescription" sap:creatable="false"
					sap:updatable="false" sap:sortable="false" sap:filterable="false"/>
				<Property Name="DocInfoRecdLongTextUUID" Type="Edm.String" MaxLength="32" sap:label="DocInfoRecdLongTextUUID" sap:creatable="false"
					sap:updatable="false" sap:sortable="false"/>
				<Property Name="DocumentInfoRecordDocType" Type="Edm.String" Nullable="false" MaxLength="3" sap:label="DocumentInfoRecordDocType"
					sap:sortable="false" sap:filterable="false"/>
				<Property Name="DocumentInfoRecordDocNumber" Type="Edm.String" Nullable="false" MaxLength="25" sap:label="DocumentInfoRecordDocNumber"
					sap:sortable="false" sap:filterable="false"/>
				<Property Name="DocumentInfoRecordDocVersion" Type="Edm.String" Nullable="false" MaxLength="2" sap:label="DocumentInfoRecordDocVersion"
					sap:sortable="false" sap:filterable="false"/>
				<Property Name="DocumentInfoRecordDocPart" Type="Edm.String" Nullable="false" MaxLength="3" sap:label="DocumentInfoRecordDocPart"
					sap:sortable="false" sap:filterable="false"/>
				<Property Name="DocObjectLinkCounter" Type="Edm.Int32" sap:label="DocObjectLinkCounter" sap:creatable="false" sap:updatable="false"
					sap:sortable="false" sap:filterable="false"/>
				<Property Name="DraftUUID" Type="Edm.Guid" Nullable="false" sap:label="Draft UUID" sap:updatable="false" sap:sortable="false"
					sap:filterable="false"/>
			</EntityType>
			<ComplexType Name="Attachments">
				<Property Name="TotalCount" Type="Edm.Int16" Nullable="false" sap:label="Total Count of Attachments" sap:creatable="false"
					sap:updatable="false" sap:sortable="false" sap:filterable="false" sap:semantics="parameters"/>
				<Property Name="UnconfirmedCount" Type="Edm.Int16" Nullable="false" sap:label="Count of Unconfirmed Attachments" sap:creatable="false"
					sap:updatable="false" sap:sortable="false" sap:filterable="false" sap:semantics="parameters"/>
				<Property Name="ConfirmedCount" Type="Edm.Int16" Nullable="false" sap:label="Count of Confirmed Attachments" sap:creatable="false"
					sap:updatable="false" sap:sortable="false" sap:filterable="false" sap:semantics="parameters"/>
			</ComplexType>
			<ComplexType Name="OriginalUploadParams">
				<Property Name="ApplicationId" Type="Edm.String" Nullable="false" MaxLength="32" sap:label="Application ID" sap:creatable="false"
					sap:updatable="false" sap:sortable="false" sap:filterable="false"/>
				<Property Name="FileId" Type="Edm.String" Nullable="false" MaxLength="32" sap:label="File ID" sap:creatable="false" sap:updatable="false"
					sap:sortable="false" sap:filterable="false"/>
				<Property Name="OriginalUrl" Type="Edm.String" Nullable="false" MaxLength="4096" sap:label="Media Source URI" sap:creatable="false"
					sap:updatable="false" sap:sortable="false" sap:filterable="false" sap:semantics="url"/>
				<Property Name="Storagecategory" Type="Edm.String" Nullable="false" MaxLength="10" sap:label="Storage Category" sap:creatable="false"
					sap:updatable="false" sap:sortable="false" sap:filterable="false"/>
				<Property Name="ContentType" Type="Edm.String" Nullable="false" sap:label="Mime Type" sap:creatable="false" sap:updatable="false"
					sap:sortable="false" sap:filterable="false"/>
				<Property Name="URLToReadAttachment" Type="Edm.String" MaxLength="4096" sap:label="URL to read an attachment" sap:creatable="false"
					sap:updatable="false" sap:sortable="false" sap:filterable="false" sap:semantics="url"/>
				<Property Name="URLToUploadAttachment" Type="Edm.String" MaxLength="4096" sap:label="URL to upload an attachment" sap:creatable="false"
					sap:updatable="false" sap:sortable="false" sap:filterable="false" sap:semantics="url"/>
				<Property Name="URLToUpdateAttachment" Type="Edm.String" MaxLength="4096" sap:label="URL to update an attachment" sap:creatable="false"
					sap:updatable="false" sap:sortable="false" sap:filterable="false" sap:semantics="url"/>
				<Property Name="SecureAccessToken" Type="Edm.String" Nullable="false" MaxLength="128" sap:label="Secure Access Token" sap:creatable="false"
					sap:updatable="false" sap:sortable="false" sap:filterable="false" sap:semantics="url"/>
				<Property Name="SecureAccessCookie" Type="Edm.String" MaxLength="1024" sap:label="Secure Access Cookie" sap:creatable="false"
					sap:updatable="false" sap:sortable="false" sap:filterable="false" sap:semantics="url"/>
			</ComplexType>
			<ComplexType Name="OperationStatus">
				<Property Name="Success" Type="Edm.Boolean" Nullable="false" sap:label="Success of Operation" sap:creatable="false" sap:updatable="false"
					sap:sortable="false" sap:filterable="false"/>
			</ComplexType>
			<ComplexType Name="ApplicationState">
				<Property Name="IsDirty" Type="Edm.Boolean" Nullable="false" sap:label="Does the Application Have Any Unsaved Content?"
					sap:creatable="false" sap:updatable="false" sap:sortable="false" sap:filterable="false" sap:semantics="parameters"/>
			</ComplexType>
			<Association Name="Originals_OriginalContent" sap:content-version="1" sap:label="Original Content">
				<End Type="CV_ATTACHMENT_SRV.Originals" Multiplicity="1" Role="FromRole_Originals_OriginalContent"/>
				<End Type="CV_ATTACHMENT_SRV.OriginalContent" Multiplicity="1" Role="ToRole_Originals_OriginalContent"/>
			</Association>
			<Association Name="DocumentHeader_Originals" sap:content-version="1" sap:label="Originals">
				<End Type="CV_ATTACHMENT_SRV.DocumentHeader" Multiplicity="1" Role="FromRole_DocumentHeader_Originals"/>
				<End Type="CV_ATTACHMENT_SRV.Originals" Multiplicity="*" Role="ToRole_DocumentHeader_Originals"/>
			</Association>
			<Association Name="DocumentHeader_ObjectLinks" sap:content-version="1" sap:label="Object Links">
				<End Type="CV_ATTACHMENT_SRV.DocumentHeader" Multiplicity="1" Role="FromRole_DocumentHeader_ObjectLinks"/>
				<End Type="CV_ATTACHMENT_SRV.ObjectLinks" Multiplicity="*" Role="ToRole_DocumentHeader_ObjectLinks"/>
			</Association>
			<EntityContainer Name="CV_ATTACHMENT_SRV_Entities" m:IsDefaultEntityContainer="true" sap:supported-formats="atom json xlsx">
				<EntitySet Name="OriginalContentArchiveLink" EntityType="CV_ATTACHMENT_SRV.OriginalContentArchiveLink"
					sap:label="Original Content Archive Link" sap:creatable="false" sap:updatable="false" sap:deletable="false" sap:pageable="false"
					sap:content-version="1"/>
				<EntitySet Name="DocumentHeaderDraftSet" EntityType="CV_ATTACHMENT_SRV.DocumentHeaderDraft" sap:label="Document Header Draft"
					sap:requires-filter="true" sap:content-version="1"/>
				<EntitySet Name="ObjectLinkDraftSet" EntityType="CV_ATTACHMENT_SRV.ObjectLinkDraft" sap:label="ObjectLinkDraftSet" sap:updatable="false"
					sap:deletable="false" sap:requires-filter="true" sap:content-version="1"/>
				<EntitySet Name="DocumentHeaderSet" EntityType="CV_ATTACHMENT_SRV.DocumentHeader" sap:label="Document Header" sap:creatable="false"
					sap:updatable="false" sap:deletable="false" sap:requires-filter="true" sap:content-version="1"/>
				<EntitySet Name="ObjectLinksSet" EntityType="CV_ATTACHMENT_SRV.ObjectLinks" sap:label="Object Link" sap:updatable="false"
					sap:deletable="false" sap:requires-filter="true" sap:content-version="1"/>
				<EntitySet Name="OriginalsSet" EntityType="CV_ATTACHMENT_SRV.Originals" sap:label="Originals" sap:updatable="false" sap:content-version="1"/>
				<EntitySet Name="OriginalContentSet" EntityType="CV_ATTACHMENT_SRV.OriginalContent" sap:label="Original Content" sap:pageable="false"
					sap:content-version="1"/>
				<AssociationSet Name="Originals_OriginalContent_AssocSet" Association="CV_ATTACHMENT_SRV.Originals_OriginalContent" sap:creatable="false"
					sap:updatable="false" sap:deletable="false" sap:content-version="1">
					<End EntitySet="OriginalsSet" Role="FromRole_Originals_OriginalContent"/>
					<End EntitySet="OriginalContentSet" Role="ToRole_Originals_OriginalContent"/>
				</AssociationSet>
				<AssociationSet Name="DocumentHeader_Originals_AssocSet" Association="CV_ATTACHMENT_SRV.DocumentHeader_Originals" sap:creatable="false"
					sap:updatable="false" sap:deletable="false" sap:content-version="1">
					<End EntitySet="DocumentHeaderSet" Role="FromRole_DocumentHeader_Originals"/>
					<End EntitySet="OriginalsSet" Role="ToRole_DocumentHeader_Originals"/>
				</AssociationSet>
				<AssociationSet Name="DocumentHeader_ObjectLinks_AssocSet" Association="CV_ATTACHMENT_SRV.DocumentHeader_ObjectLinks" sap:creatable="false"
					sap:updatable="false" sap:deletable="false" sap:content-version="1">
					<End EntitySet="DocumentHeaderSet" Role="FromRole_DocumentHeader_ObjectLinks"/>
					<End EntitySet="ObjectLinksSet" Role="ToRole_DocumentHeader_ObjectLinks"/>
				</AssociationSet>
				<FunctionImport Name="GetAttachmentCount" ReturnType="CV_ATTACHMENT_SRV.Attachments" m:HttpMethod="GET"
					sap:label="Returns the Count of Attachments">
					<Parameter Name="ObjectType" Type="Edm.String" Mode="In" MaxLength="40" Nullable="true"/>
					<Parameter Name="ObjectKey" Type="Edm.String" Mode="In" MaxLength="90"/>
					<Parameter Name="SemanticObjectType" Type="Edm.String" Mode="In" MaxLength="40" Nullable="true"/>
				</FunctionImport>
				<FunctionImport Name="CancelAttachment" ReturnType="CV_ATTACHMENT_SRV.OperationStatus" m:HttpMethod="POST" sap:label="Cancel All Changes">
					<Parameter Name="ObjectType" Type="Edm.String" Mode="In" MaxLength="40" Nullable="true"/>
					<Parameter Name="ObjectKey" Type="Edm.String" Mode="In" MaxLength="90"/>
					<Parameter Name="SemanticObjectType" Type="Edm.String" Mode="In" MaxLength="40" Nullable="true"/>
				</FunctionImport>
				<FunctionImport Name="GetAllOriginals" ReturnType="Collection(CV_ATTACHMENT_SRV.OriginalContent)" EntitySet="OriginalContentSet"
					m:HttpMethod="GET" sap:label="Returns All Originals Related to a Parent Object">
					<Parameter Name="ObjectKey" Type="Edm.String" Mode="In" MaxLength="90"/>
					<Parameter Name="ObjectType" Type="Edm.String" Mode="In" MaxLength="40" Nullable="true"/>
					<Parameter Name="SemanticObjectType" Type="Edm.String" Mode="In" MaxLength="40" Nullable="true"/>
					<Parameter Name="IsDraft" Type="Edm.Boolean" Mode="In" Nullable="true"/>
				</FunctionImport>
				<FunctionImport Name="RenameAttachment" ReturnType="CV_ATTACHMENT_SRV.OriginalContent" EntitySet="OriginalContentSet" m:HttpMethod="POST"
					sap:label="Rename Attachment" sap:action-for="CV_ATTACHMENT_SRV.OriginalContent">
					<Parameter Name="ApplicationId" Type="Edm.String" Mode="In" MaxLength="32" Nullable="true"/>
					<Parameter Name="Documentnumber" Type="Edm.String" Mode="In" MaxLength="25" Nullable="true"/>
					<Parameter Name="Documentpart" Type="Edm.String" Mode="In" MaxLength="3" Nullable="true"/>
					<Parameter Name="Documenttype" Type="Edm.String" Mode="In" MaxLength="3" Nullable="true"/>
					<Parameter Name="Documentversion" Type="Edm.String" Mode="In" MaxLength="2" Nullable="true"/>
					<Parameter Name="FileId" Type="Edm.String" Mode="In" MaxLength="32"/>
					<Parameter Name="Filename" Type="Edm.String" Mode="In" MaxLength="255"/>
					<Parameter Name="ObjectType" Type="Edm.String" Mode="In" MaxLength="40" Nullable="true"/>
					<Parameter Name="ObjectKey" Type="Edm.String" Mode="In" MaxLength="90" Nullable="true"/>
					<Parameter Name="SemanticObjectType" Type="Edm.String" Mode="In" MaxLength="40" Nullable="true"/>
				</FunctionImport>
				<FunctionImport Name="ConfirmAttachment" ReturnType="CV_ATTACHMENT_SRV.OperationStatus" m:HttpMethod="POST"
					sap:label="Confirm or Save All Attachment Changes">
					<Parameter Name="ObjectKey" Type="Edm.String" Mode="In" MaxLength="90"/>
					<Parameter Name="ObjectType" Type="Edm.String" Mode="In" MaxLength="40" Nullable="true"/>
					<Parameter Name="SemanticObjectType" Type="Edm.String" Mode="In" MaxLength="40" Nullable="true"/>
				</FunctionImport>
				<FunctionImport Name="GetApplicationState" ReturnType="CV_ATTACHMENT_SRV.ApplicationState" m:HttpMethod="GET"
					sap:label="Returns the Application Status">
					<Parameter Name="ObjectKey" Type="Edm.String" Mode="In" MaxLength="90"/>
					<Parameter Name="ObjectType" Type="Edm.String" Mode="In" MaxLength="40" Nullable="true"/>
					<Parameter Name="SemanticObjectType" Type="Edm.String" Mode="In" MaxLength="40" Nullable="true"/>
				</FunctionImport>
				<FunctionImport Name="CreateUrlAsAttachment" ReturnType="CV_ATTACHMENT_SRV.OriginalContent" EntitySet="OriginalContentSet"
					m:HttpMethod="POST" sap:label="Create Url As Attachment">
					<Parameter Name="ObjectType" Type="Edm.String" Mode="In" MaxLength="40" Nullable="true"/>
					<Parameter Name="ObjectKey" Type="Edm.String" Mode="In" MaxLength="90"/>
					<Parameter Name="SemanticObjectType" Type="Edm.String" Mode="In" MaxLength="40" Nullable="true"/>
					<Parameter Name="URL" Type="Edm.String" Mode="In" MaxLength="4096"/>
					<Parameter Name="UrlDescription" Type="Edm.String" Mode="In" MaxLength="255" Nullable="true"/>
					<Parameter Name="MIMEType" Type="Edm.String" Mode="In" MaxLength="128"/>
				</FunctionImport>
				<FunctionImport Name="GetAllChildDocuments" ReturnType="Collection(CV_ATTACHMENT_SRV.OriginalContent)" EntitySet="OriginalContentSet"
					m:HttpMethod="GET" sap:label="Get All Child Documents">
					<Parameter Name="ObjectType" Type="Edm.String" Mode="In" MaxLength="40" Nullable="true"/>
					<Parameter Name="ObjectKey" Type="Edm.String" Mode="In" MaxLength="90"/>
					<Parameter Name="SemanticObjectType" Type="Edm.String" Mode="In" MaxLength="40" Nullable="true"/>
				</FunctionImport>
				<FunctionImport Name="CheckOut" ReturnType="CV_ATTACHMENT_SRV.OriginalContent" EntitySet="OriginalContentSet" m:HttpMethod="POST"
					sap:label="Check-Out Attachment">
					<Parameter Name="ApplicationId" Type="Edm.String" Mode="In" MaxLength="32" Nullable="false"/>
					<Parameter Name="FileId" Type="Edm.String" Mode="In" MaxLength="32" Nullable="false"/>
				</FunctionImport>
				<FunctionImport Name="ResetCheckOut" ReturnType="CV_ATTACHMENT_SRV.OriginalContent" EntitySet="OriginalContentSet" m:HttpMethod="POST"
					sap:label="Reset Check-Out" sap:action-for="CV_ATTACHMENT_SRV.OriginalContent">
					<Parameter Name="FileId" Type="Edm.String" Mode="In" MaxLength="32" Nullable="false"/>
					<Parameter Name="ApplicationId" Type="Edm.String" Mode="In" MaxLength="32" Nullable="false"/>
				</FunctionImport>
				<FunctionImport Name="GetUploadURLWithToken" ReturnType="Collection(CV_ATTACHMENT_SRV.OriginalUploadParams)" m:HttpMethod="GET"
					sap:label="Get Upload URL and tokens">
					<Parameter Name="Filename" Type="Edm.String" Mode="In" MaxLength="255"/>
					<Parameter Name="MIMEType" Type="Edm.String" Mode="In" MaxLength="128" Nullable="true"/>
					<Parameter Name="ObjectType" Type="Edm.String" Mode="In" MaxLength="40"/>
					<Parameter Name="ObjectKey" Type="Edm.String" Mode="In" MaxLength="90"/>
					<Parameter Name="CountOfTokensRequired" Type="Edm.String" Mode="In" MaxLength="11" Nullable="true"/>
				</FunctionImport>
				<FunctionImport Name="GetAccessURLWithToken" ReturnType="Collection(CV_ATTACHMENT_SRV.OriginalUploadParams)" m:HttpMethod="GET"
					sap:label="Get Access URL and tokens">
					<Parameter Name="RequestURLForPut" Type="Edm.String" Mode="In" MaxLength="1" Nullable="true"/>
					<Parameter Name="RequestURLForGet" Type="Edm.String" Mode="In" MaxLength="1" Nullable="true"/>
					<Parameter Name="FileId" Type="Edm.String" Mode="In" MaxLength="32"/>
					<Parameter Name="CountOfTokensRequired" Type="Edm.String" Mode="In" MaxLength="11" Nullable="true"/>
					<Parameter Name="ObjectType" Type="Edm.String" Mode="In" MaxLength="40"/>
					<Parameter Name="ObjectKey" Type="Edm.String" Mode="In" MaxLength="90"/>
				</FunctionImport>
				<FunctionImport Name="FinalizeMetadata" ReturnType="CV_ATTACHMENT_SRV.OriginalContent" EntitySet="OriginalContentSet" m:HttpMethod="POST"
					sap:label="Finalize Metadata of the attachment">
					<Parameter Name="ObjectType" Type="Edm.String" Mode="In" MaxLength="40" Nullable="true"/>
					<Parameter Name="SemanticObjectType" Type="Edm.String" Mode="In" MaxLength="40" Nullable="true"/>
					<Parameter Name="ObjectKey" Type="Edm.String" Mode="In" MaxLength="90"/>
					<Parameter Name="Filename" Type="Edm.String" Mode="In" MaxLength="255"/>
					<Parameter Name="MIMEType" Type="Edm.String" Mode="In" MaxLength="128" Nullable="true"/>
					<Parameter Name="ApplicationId" Type="Edm.String" Mode="In" MaxLength="32" Nullable="true"/>
					<Parameter Name="FileId" Type="Edm.String" Mode="In" MaxLength="32" Nullable="true"/>
				</FunctionImport>
				<FunctionImport Name="GetArchiveLinkAttachments" ReturnType="Collection(CV_ATTACHMENT_SRV.OriginalContentArchiveLink)"
					EntitySet="OriginalContentArchiveLink" m:HttpMethod="GET" sap:label="Get Archive Link Attachments">
					<Parameter Name="ArchiveObjectID" Type="Edm.String" Mode="In" MaxLength="50" Nullable="false"/>
					<Parameter Name="ArchiveObjectType" Type="Edm.String" Mode="In" MaxLength="10" Nullable="true"/>
					<Parameter Name="SemanticObjectType" Type="Edm.String" Mode="In" MaxLength="40" Nullable="true"/>
				</FunctionImport>
				<FunctionImport Name="GetAttachmentsByAlternateKey" ReturnType="Collection(CV_ATTACHMENT_SRV.OriginalContent)"
					EntitySet="OriginalContentSet" m:HttpMethod="GET" sap:label="GetAttachmentsByAlternateKey">
					<Parameter Name="ObjectType" Type="Edm.String" Mode="In" MaxLength="40" Nullable="true"/>
					<Parameter Name="ObjectKey" Type="Edm.String" Mode="In" MaxLength="90"/>
					<Parameter Name="SemanticObjectType" Type="Edm.String" Mode="In" MaxLength="40" Nullable="true"/>
				</FunctionImport>
			</EntityContainer>
			<atom:link rel="self" href="https://localhost:8080/sap/opu/odata/sap/CV_ATTACHMENT_SRV/$metadata"
				xmlns:atom="http://www.w3.org/2005/Atom"/>
			<atom:link rel="latest-version" href="https://localhost:8080/sap/opu/odata/sap/CV_ATTACHMENT_SRV/$metadata"
				xmlns:atom="http://www.w3.org/2005/Atom"/>
		</Schema>
	</edmx:DataServices>
</edmx:Edmx>
